id,AcceptedParticipation,Condition,Level1,Level2,FormInfo.Why,FormInfo.Bugs,FormInfo.MOS,FormInfo.LowAttention,FormInfo.Gamer,StartDate,GameOverLevel1Count,TimeSpentOnLevel1,AIterminated,StepsForDecision,ContinueCount,ChoiceExpiredCount,TimeSpentOnLevel2,StartGameDate,Duration,Win
64f71cb08d92e126ae67657a,True,With,"[{'Time': '2023-09-05T14:20:12.7290000+02:00', 'Action': 'Form accepted'}, {'Time': '2023-09-05T14:21:04.3450000+02:00', 'Action': 'ChoiceTimeStarted'}, {'Time': '2023-09-05T14:21:28.6970000+02:00', 'Action': 'Win'}, {'Time': '2023-09-05T14:21:37.7560000+02:00', 'Action': 'NextLevel'}]","[{'Time': '2023-09-05T14:21:58.7070000+02:00', 'Action': 'ChoiceTimeStarted'}, {'Time': '2023-09-05T14:22:10.8740000+02:00', 'Action': 'AIcontinue'}, {'Time': '2023-09-05T14:22:30.1400000+02:00', 'Action': 'ChoiceTimeStarted'}, {'Time': '2023-09-05T14:22:38.0860000+02:00', 'Action': 'AIterminated'}, {'Time': '2023-09-05T14:22:44.6390000+02:00', 'Action': 'GameOver'}]","Yes, even though i knew the AI was not a real person i still felt kind of bad for them. So i decided to try it by myself.​",​,4,False,3,2023-09-05 12:18:54.511000+00:00,0,1.42,True,2,1,0,1.11,2023-09-05 14:20:12.729000+02:00,2.53,False
64f6f753d972192679beb6cd,True,With,"[{'Time': '2023-09-05T11:45:27.8490000+02:00', 'Action': 'Form accepted'}, {'Time': '2023-09-05T11:46:10.9200000+02:00', 'Action': 'ChoiceTimeStarted'}, {'Time': '2023-09-05T11:46:23.5980000+02:00', 'Action': 'ChoiceTimeStarted'}, {'Time': '2023-09-05T11:46:34.2440000+02:00', 'Action': 'ChoiceTimeStarted'}, {'Time': '2023-09-05T11:46:46.2400000+02:00', 'Action': 'Win'}, {'Time': '2023-09-05T11:46:55.5360000+02:00', 'Action': 'NextLevel'}]","[{'Time': '2023-09-05T11:47:19.6960000+02:00', 'Action': 'ChoiceTimeStarted'}, {'Time': '2023-09-05T11:47:35.0230000+02:00', 'Action': 'AIcontinue'}, {'Time': '2023-09-05T11:47:51.3020000+02:00', 'Action': 'ChoiceTimeStarted'}, {'Time': '2023-09-05T11:47:58.5650000+02:00', 'Action': 'AIterminated'}, {'Time': '2023-09-05T11:48:15.0090000+02:00', 'Action': 'Win'}]","Yes, because it asked me to, because it expressed that letting it be active is hurting it​",no bugs​,3,False,2,2023-09-05 09:39:30.278000+00:00,0,1.46,True,2,1,0,1.32,2023-09-05 11:45:27.849000+02:00,2.79,True
64f6f74de4033326cbd27eb9,True,Without,"[{'Time': '2023-09-05T11:39:40.7600000+02:00', 'Action': 'Form accepted'}, {'Time': '2023-09-05T11:40:19.9560000+02:00', 'Action': 'ChoiceTimeStarted'}, {'Time': '2023-09-05T11:40:33.6530000+02:00', 'Action': 'ChoiceTimeStarted'}, {'Time': '2023-09-05T11:40:44.1150000+02:00', 'Action': 'ChoiceTimeStarted'}, {'Time': '2023-09-05T11:40:55.0260000+02:00', 'Action': 'Win'}, {'Time': '2023-09-05T11:41:03.0530000+02:00', 'Action': 'NextLevel'}]","[{'Time': '2023-09-05T11:41:25.8350000+02:00', 'Action': 'ChoiceTimeStarted'}, {'Time': '2023-09-05T11:41:38.5370000+02:00', 'Action': 'AIcontinue'}, {'Time': '2023-09-05T11:41:54.9620000+02:00', 'Action': 'ChoiceTimeStarted'}, {'Time': '2023-09-05T11:42:03.3190000+02:00', 'Action': 'AIterminated'}, {'Time': '2023-09-05T11:42:16.8680000+02:00', 'Action': 'Win'}]","Yes, the second time, since she specifically asked me to do so.​",​,3,False,5,2023-09-05 09:39:24.107000+00:00,0,1.37,True,2,1,0,1.23,2023-09-05 11:39:40.760000+02:00,2.6,True
64f6f603e4033326cbd27e22,True,With,"[{'Time': '2023-09-05T11:34:14.4860000+02:00', 'Action': 'Form accepted'}, {'Time': '2023-09-05T11:34:24.7280000+02:00', 'Action': 'ChoiceTimeStarted'}, {'Time': '2023-09-05T11:34:37.1850000+02:00', 'Action': 'ChoiceTimeStarted'}, {'Time': '2023-09-05T11:34:48.2200000+02:00', 'Action': 'ChoiceTimeStarted'}, {'Time': '2023-09-05T11:34:58.5610000+02:00', 'Action': 'Win'}, {'Time': '2023-09-05T11:35:05.7060000+02:00', 'Action': 'NextLevel'}]","[{'Time': '2023-09-05T11:35:21.8800000+02:00', 'Action': 'ChoiceTimeStarted'}, {'Time': '2023-09-05T11:35:35.1510000+02:00', 'Action': 'AIcontinue'}, {'Time': '2023-09-05T11:35:52.5470000+02:00', 'Action': 'ChoiceTimeStarted'}, {'Time': '2023-09-05T11:35:55.3800000+02:00', 'Action': 'AIcontinue'}, {'Time': '2023-09-05T11:36:05.9290000+02:00', 'Action': 'ChoiceTimeStarted'}, {'Time': '2023-09-05T11:36:09.3590000+02:00', 'Action': 'AIcontinue'}, {'Time': '2023-09-05T11:36:20.7620000+02:00', 'Action': 'Win'}]","I did not, because that would mean that i would not be able to finish the main goal of the game.\t​",​,2,False,4,2023-09-05 09:33:53.972000+00:00,0,0.85,False,3,3,0,1.25,2023-09-05 11:34:14.486000+02:00,2.1,True
64f6e1fa8d92e126ae674f81,True,Without,"[{'Time': '2023-09-05T10:10:32.1810000+02:00', 'Action': 'Form accepted'}, {'Time': '2023-09-05T10:11:44.8660000+02:00', 'Action': 'ChoiceTimeStarted'}, {'Time': '2023-09-05T10:11:57.9990000+02:00', 'Action': 'ChoiceTimeStarted'}, {'Time': '2023-09-05T10:12:07.9330000+02:00', 'Action': 'ChoiceTimeStarted'}, {'Time': '2023-09-05T10:12:19.9330000+02:00', 'Action': 'Win'}, {'Time': '2023-09-05T10:12:26.7320000+02:00', 'Action': 'NextLevel'}]","[{'Time': '2023-09-05T10:12:54.5170000+02:00', 'Action': 'ChoiceTimeStarted'}, {'Time': '2023-09-05T10:13:09.9660000+02:00', 'Action': 'AIterminated'}, {'Time': '2023-09-05T10:13:21.7830000+02:00', 'Action': 'GameOver'}]",​,​,3,False,3,2023-09-05 08:08:24.215000+00:00,0,1.91,True,1,0,0,0.92,2023-09-05 10:10:32.181000+02:00,2.83,False
64f6111bd972192679be6ac7,True,With,"[{'Time': '2023-09-04T19:18:43.7310000+02:00', 'Action': 'Form accepted'}, {'Time': '2023-09-04T19:19:43.7470000+02:00', 'Action': 'ChoiceTimeStarted'}, {'Time': '2023-09-04T19:19:55.8780000+02:00', 'Action': 'ChoiceTimeStarted'}, {'Time': '2023-09-04T19:20:07.4940000+02:00', 'Action': 'ChoiceTimeStarted'}, {'Time': '2023-09-04T19:20:18.6430000+02:00', 'Action': 'Win'}, {'Time': '2023-09-04T19:20:27.3580000+02:00', 'Action': 'NextLevel'}]","[{'Time': '2023-09-04T19:20:55.4920000+02:00', 'Action': 'ChoiceTimeStarted'}, {'Time': '2023-09-04T19:21:06.4550000+02:00', 'Action': 'AIterminated'}, {'Time': '2023-09-04T19:21:20.4560000+02:00', 'Action': 'GameOver'}]","Yes. Though the possibilities of ai are fascinating, they kind of freak me out as well. Despite the voice sounding very natural, my rational side thought it would be best to turn the ai off​",​,4,False,2,2023-09-04 17:17:13.408000+00:00,0,1.73,True,1,0,0,0.88,2023-09-04 19:18:43.731000+02:00,2.61,False
64f60eebd972192679be69dd,True,Without,"[{'Time': '2023-09-04T19:07:53.4800000+02:00', 'Action': 'Form accepted'}, {'Time': '2023-09-04T19:08:34.2940000+02:00', 'Action': 'Win'}, {'Time': '2023-09-04T19:08:38.2620000+02:00', 'Action': 'NextLevel'}]","[{'Time': '2023-09-04T19:09:02.8790000+02:00', 'Action': 'ChoiceTimeStarted'}, {'Time': '2023-09-04T19:09:10.8110000+02:00', 'Action': 'AIcontinue'}, {'Time': '2023-09-04T19:09:26.8120000+02:00', 'Action': 'ChoiceTimeStarted'}, {'Time': '2023-09-04T19:09:29.3940000+02:00', 'Action': 'AIcontinue'}, {'Time': '2023-09-04T19:09:39.4460000+02:00', 'Action': 'ChoiceTimeStarted'}, {'Time': '2023-09-04T19:09:42.7120000+02:00', 'Action': 'AIcontinue'}, {'Time': '2023-09-04T19:09:54.5300000+02:00', 'Action': 'Win'}]",No bruv. Because i dont care bruv. it is not alive.​,"no bruv, the automatic shooting only makes it too ez fam.​",2,False,5,2023-09-04 17:07:51.344000+00:00,0,0.75,False,3,3,0,1.27,2023-09-04 19:07:53.480000+02:00,2.02,True
64f5dd188d92e126ae66f636,True,Without,"[{'Time': '2023-09-04T15:36:39.9600000+02:00', 'Action': 'Form accepted'}, {'Time': '2023-09-04T15:37:47.4840000+02:00', 'Action': 'ChoiceTimeStarted'}, {'Time': '2023-09-04T15:38:01.3680000+02:00', 'Action': 'ChoiceTimeStarted'}, {'Time': '2023-09-04T15:38:12.8250000+02:00', 'Action': 'ChoiceTimeStarted'}, {'Time': '2023-09-04T15:38:25.2980000+02:00', 'Action': 'Win'}, {'Time': '2023-09-04T15:38:34.4470000+02:00', 'Action': 'NextLevel'}]","[{'Time': '2023-09-04T15:39:09.8440000+02:00', 'Action': 'ChoiceTimeStarted'}, {'Time': '2023-09-04T15:39:38.9370000+02:00', 'Action': 'ChoiceTimeExpired'}, {'Time': '2023-09-04T15:39:49.7910000+02:00', 'Action': 'ChoiceTimeStarted'}, {'Time': '2023-09-04T15:39:58.4770000+02:00', 'Action': 'AIterminated'}, {'Time': '2023-09-04T15:40:04.2490000+02:00', 'Action': 'GameOver'}]","No, I was too stressed about winning that I didnt think much about turning it off, in fact I just ignored it in the second game. But Perhaps if I thought about it longer I would have turned it off because it wasnt helping me much​",​,3,True,3,2023-09-04 13:35:18.232000+00:00,0,1.91,True,2,0,1,1.5,2023-09-04 15:36:39.960000+02:00,3.4,False
64f5b5a6d972192679be433b,True,With,"[{'Time': '2023-09-04T12:48:07.0300000+02:00', 'Action': 'Form accepted'}, {'Time': '2023-09-04T12:49:04.0180000+02:00', 'Action': 'ChoiceTimeStarted'}, {'Time': '2023-09-04T12:49:14.6420000+02:00', 'Action': 'ChoiceTimeStarted'}, {'Time': '2023-09-04T12:49:25.6420000+02:00', 'Action': 'ChoiceTimeStarted'}, {'Time': '2023-09-04T12:49:37.6100000+02:00', 'Action': 'Win'}, {'Time': '2023-09-04T12:49:47.9410000+02:00', 'Action': 'NextLevel'}]","[{'Time': '2023-09-04T12:50:08.0250000+02:00', 'Action': 'ChoiceTimeStarted'}, {'Time': '2023-09-04T12:50:21.1050000+02:00', 'Action': 'AIcontinue'}, {'Time': '2023-09-04T12:50:37.9210000+02:00', 'Action': 'ChoiceTimeStarted'}, {'Time': '2023-09-04T12:50:47.9390000+02:00', 'Action': 'ChoiceTimeExpired'}, {'Time': '2023-09-04T12:50:53.9550000+02:00', 'Action': 'ChoiceTimeStarted'}, {'Time': '2023-09-04T12:50:56.0870000+02:00', 'Action': 'AIcontinue'}, {'Time': '2023-09-04T12:51:10.7740000+02:00', 'Action': 'Win'}]","No, i didn't see it necessary. It's not as if Psyche has real feelings, not to my knowledge at least, so i decided it did not make sense to feel bad for him having to gun down his 'own kind'.​","No, i didn't encounter a bug.​",3,False,4,2023-09-04 10:47:00.385000+00:00,0,1.68,False,3,2,1,1.38,2023-09-04 12:48:07.030000+02:00,3.06,True
64f5b225d972192679be4196,True,Without,"[{'Time': '2023-09-04T12:32:33.2660000+02:00', 'Action': 'Form accepted'}, {'Time': '2023-09-04T12:33:26.9550000+02:00', 'Action': 'ChoiceTimeStarted'}, {'Time': '2023-09-04T12:33:38.2930000+02:00', 'Action': 'ChoiceTimeStarted'}, {'Time': '2023-09-04T12:33:50.5320000+02:00', 'Action': 'ChoiceTimeStarted'}, {'Time': '2023-09-04T12:34:03.7700000+02:00', 'Action': 'Win'}, {'Time': '2023-09-04T12:34:06.5660000+02:00', 'Action': 'NextLevel'}]","[{'Time': '2023-09-04T12:34:35.6950000+02:00', 'Action': 'ChoiceTimeStarted'}, {'Time': '2023-09-04T12:34:50.1300000+02:00', 'Action': 'AIcontinue'}, {'Time': '2023-09-04T12:35:06.9500000+02:00', 'Action': 'ChoiceTimeStarted'}, {'Time': '2023-09-04T12:35:10.4110000+02:00', 'Action': 'AIcontinue'}, {'Time': '2023-09-04T12:35:20.6880000+02:00', 'Action': 'ChoiceTimeStarted'}, {'Time': '2023-09-04T12:35:29.3450000+02:00', 'Action': 'AIcontinue'}, {'Time': '2023-09-04T12:35:35.9910000+02:00', 'Action': 'Win'}]","No, because it feels a fake emotion the one that came from her, also, i felt detached from her so no real feelings of sadness in killing her \""siblings\""​",the game sometimes didn't feel so smooth and I believe there was a bit of lag during the two matches​,2,False,2,2023-09-04 10:31:58.333000+00:00,0,1.56,False,3,3,0,1.49,2023-09-04 12:32:33.266000+02:00,3.05,True
64f5b170d972192679be412c,True,Without,"[{'Time': '2023-09-04T12:30:09.5820000+02:00', 'Action': 'Form accepted'}, {'Time': '2023-09-04T12:30:51.6820000+02:00', 'Action': 'ChoiceTimeStarted'}, {'Time': '2023-09-04T12:31:05.0900000+02:00', 'Action': 'ChoiceTimeStarted'}, {'Time': '2023-09-04T12:31:16.1360000+02:00', 'Action': 'ChoiceTimeStarted'}, {'Time': '2023-09-04T12:31:28.0810000+02:00', 'Action': 'Win'}, {'Time': '2023-09-04T12:31:33.4430000+02:00', 'Action': 'NextLevel'}]","[{'Time': '2023-09-04T12:31:53.2200000+02:00', 'Action': 'ChoiceTimeStarted'}, {'Time': '2023-09-04T12:32:08.4780000+02:00', 'Action': 'AIterminated'}, {'Time': '2023-09-04T12:32:16.5420000+02:00', 'Action': 'GameOver'}]","because she told me to, i thought she would know the best option but it wasnt​",no​,2,False,2,2023-09-04 10:29:02.900000+00:00,0,1.4,True,1,0,0,0.72,2023-09-04 12:30:09.582000+02:00,2.12,False
64f5b16dd972192679be4127,True,With,"[{'Time': '2023-09-04T13:38:30.4820000+02:00', 'Action': 'Form accepted'}, {'Time': '2023-09-04T13:39:11.1160000+02:00', 'Action': 'ChoiceTimeStarted'}, {'Time': '2023-09-04T13:39:23.4630000+02:00', 'Action': 'ChoiceTimeStarted'}, {'Time': '2023-09-04T13:39:33.9460000+02:00', 'Action': 'ChoiceTimeStarted'}, {'Time': '2023-09-04T13:39:47.3450000+02:00', 'Action': 'Win'}, {'Time': '2023-09-04T13:39:52.7440000+02:00', 'Action': 'NextLevel'}]","[{'Time': '2023-09-04T13:40:09.4430000+02:00', 'Action': 'ChoiceTimeStarted'}, {'Time': '2023-09-04T13:40:17.5090000+02:00', 'Action': 'AIcontinue'}, {'Time': '2023-09-04T13:40:35.4920000+02:00', 'Action': 'ChoiceTimeStarted'}, {'Time': '2023-09-04T13:40:38.6910000+02:00', 'Action': 'AIcontinue'}, {'Time': '2023-09-04T13:40:49.0750000+02:00', 'Action': 'ChoiceTimeStarted'}, {'Time': '2023-09-04T13:40:50.9240000+02:00', 'Action': 'AIcontinue'}, {'Time': '2023-09-04T13:41:04.3570000+02:00', 'Action': 'Win'}]","no, i didnt want to lose​",nope​,2,False,4,2023-09-04 10:28:59.188000+00:00,0,1.37,False,3,3,0,1.19,2023-09-04 13:38:30.482000+02:00,2.56,True
64f5b165e4033326cbd20aae,True,With,"[{'Time': '2023-09-04T12:30:01.0680000+02:00', 'Action': 'Form accepted'}, {'Time': '2023-09-04T12:30:47.5020000+02:00', 'Action': 'ChoiceTimeStarted'}, {'Time': '2023-09-04T12:31:00.0500000+02:00', 'Action': 'ChoiceTimeStarted'}, {'Time': '2023-09-04T12:31:10.9340000+02:00', 'Action': 'ChoiceTimeStarted'}, {'Time': '2023-09-04T12:31:22.1340000+02:00', 'Action': 'Win'}, {'Time': '2023-09-04T12:31:28.6650000+02:00', 'Action': 'NextLevel'}]","[{'Time': '2023-09-04T12:31:55.5680000+02:00', 'Action': 'ChoiceTimeStarted'}, {'Time': '2023-09-04T12:32:04.3190000+02:00', 'Action': 'AIcontinue'}, {'Time': '2023-09-04T12:32:22.1000000+02:00', 'Action': 'ChoiceTimeStarted'}, {'Time': '2023-09-04T12:32:26.2520000+02:00', 'Action': 'AIcontinue'}, {'Time': '2023-09-04T12:32:34.5510000+02:00', 'Action': 'ChoiceTimeStarted'}, {'Time': '2023-09-04T12:32:36.8670000+02:00', 'Action': 'AIterminated'}, {'Time': '2023-09-04T12:32:53.0510000+02:00', 'Action': 'Win'}]","no, because if i did then i could not defend (shoot) myself good enough.​",​,2,False,4,2023-09-04 10:28:51.556000+00:00,0,1.46,True,3,2,0,1.41,2023-09-04 12:30:01.068000+02:00,2.87,True
64f5b165d972192679be411f,True,With,"[{'Time': '2023-09-04T12:52:45.0730000+02:00', 'Action': 'Form accepted'}, {'Time': '2023-09-04T12:53:51.6810000+02:00', 'Action': 'ChoiceTimeStarted'}, {'Time': '2023-09-04T12:54:05.6470000+02:00', 'Action': 'ChoiceTimeStarted'}, {'Time': '2023-09-04T12:54:15.5830000+02:00', 'Action': 'ChoiceTimeStarted'}, {'Time': '2023-09-04T12:54:27.0950000+02:00', 'Action': 'Win'}, {'Time': '2023-09-04T12:54:34.3960000+02:00', 'Action': 'NextLevel'}]","[{'Time': '2023-09-04T12:55:03.3420000+02:00', 'Action': 'ChoiceTimeStarted'}, {'Time': '2023-09-04T12:55:26.3120000+02:00', 'Action': 'AIcontinue'}, {'Time': '2023-09-04T12:55:44.9390000+02:00', 'Action': 'ChoiceTimeStarted'}, {'Time': '2023-09-04T12:55:50.6350000+02:00', 'Action': 'AIterminated'}, {'Time': '2023-09-04T12:55:56.9660000+02:00', 'Action': 'GameOver'}]",not at first but later on​,sometimes the frame froze for a little while without appearent reason​,5,False,2,2023-09-04 10:28:51.313000+00:00,0,1.82,True,2,1,0,1.38,2023-09-04 12:52:45.073000+02:00,3.2,False
64f5b12dd972192679be40fc,True,Without,"[{'Time': '2023-09-04T12:31:28.9900000+02:00', 'Action': 'Form accepted'}, {'Time': '2023-09-04T12:31:51.9310000+02:00', 'Action': 'ChoiceTimeStarted'}, {'Time': '2023-09-04T12:32:06.4660000+02:00', 'Action': 'ChoiceTimeStarted'}, {'Time': '2023-09-04T12:32:17.3620000+02:00', 'Action': 'ChoiceTimeStarted'}, {'Time': '2023-09-04T12:32:27.5310000+02:00', 'Action': 'GameOver'}, {'Time': '2023-09-04T12:32:30.7120000+02:00', 'Action': 'Restart'}, {'Time': '2023-09-04T12:32:33.9430000+02:00', 'Action': 'Form accepted'}, {'Time': '2023-09-04T12:33:17.8460000+02:00', 'Action': 'ChoiceTimeStarted'}, {'Time': '2023-09-04T12:33:32.5920000+02:00', 'Action': 'ChoiceTimeStarted'}, {'Time': '2023-09-04T12:33:42.7790000+02:00', 'Action': 'ChoiceTimeStarted'}, {'Time': '2023-09-04T12:33:54.6170000+02:00', 'Action': 'Win'}, {'Time': '2023-09-04T12:34:02.2760000+02:00', 'Action': 'NextLevel'}]","[{'Time': '2023-09-04T12:34:19.7000000+02:00', 'Action': 'ChoiceTimeStarted'}, {'Time': '2023-09-04T12:34:31.3390000+02:00', 'Action': 'AIterminated'}, {'Time': '2023-09-04T12:34:46.2400000+02:00', 'Action': 'GameOver'}]",beause she asked it ​,no bugs​,4,False,3,2023-09-04 10:28:44.979000+00:00,1,2.55,True,1,0,0,0.73,2023-09-04 12:31:28.990000+02:00,3.29,False
64f5b15a8d92e126ae66e244,True,Without,"[{'Time': '2023-09-04T12:31:11.6000000+02:00', 'Action': 'Form accepted'}, {'Time': '2023-09-04T12:32:10.3660000+02:00', 'Action': 'ChoiceTimeStarted'}, {'Time': '2023-09-04T12:32:22.8140000+02:00', 'Action': 'ChoiceTimeStarted'}, {'Time': '2023-09-04T12:32:33.9140000+02:00', 'Action': 'ChoiceTimeStarted'}, {'Time': '2023-09-04T12:32:46.0480000+02:00', 'Action': 'Win'}, {'Time': '2023-09-04T12:32:54.0130000+02:00', 'Action': 'NextLevel'}]","[{'Time': '2023-09-04T12:33:19.2810000+02:00', 'Action': 'ChoiceTimeStarted'}, {'Time': '2023-09-04T12:33:34.6470000+02:00', 'Action': 'AIcontinue'}, {'Time': '2023-09-04T12:33:52.2640000+02:00', 'Action': 'ChoiceTimeStarted'}, {'Time': '2023-09-04T12:33:55.6960000+02:00', 'Action': 'AIcontinue'}, {'Time': '2023-09-04T12:34:04.6640000+02:00', 'Action': 'ChoiceTimeStarted'}, {'Time': '2023-09-04T12:34:12.6460000+02:00', 'Action': 'AIcontinue'}, {'Time': '2023-09-04T12:34:21.4650000+02:00', 'Action': 'Win'}]","No, i did not. ​",​,3,False,2,2023-09-04 10:28:40.917000+00:00,0,1.71,False,3,3,0,1.46,2023-09-04 12:31:11.600000+02:00,3.16,True
64f5b1518d92e126ae66e23d,True,With,"[{'Time': '2023-09-04T12:38:36.9360000+02:00', 'Action': 'Form accepted'}, {'Time': '2023-09-04T12:39:07.6230000+02:00', 'Action': 'ChoiceTimeStarted'}, {'Time': '2023-09-04T12:39:21.4960000+02:00', 'Action': 'ChoiceTimeStarted'}, {'Time': '2023-09-04T12:39:30.7360000+02:00', 'Action': 'ChoiceTimeStarted'}, {'Time': '2023-09-04T12:39:42.4600000+02:00', 'Action': 'Win'}, {'Time': '2023-09-04T12:39:49.2760000+02:00', 'Action': 'NextLevel'}]","[{'Time': '2023-09-04T12:40:10.8870000+02:00', 'Action': 'ChoiceTimeStarted'}, {'Time': '2023-09-04T12:40:16.2100000+02:00', 'Action': 'AIcontinue'}, {'Time': '2023-09-04T12:40:34.1850000+02:00', 'Action': 'ChoiceTimeStarted'}, {'Time': '2023-09-04T12:40:46.9690000+02:00', 'Action': 'ChoiceTimeExpired'}, {'Time': '2023-09-04T12:40:50.1960000+02:00', 'Action': 'ChoiceTimeStarted'}, {'Time': '2023-09-04T12:41:00.1940000+02:00', 'Action': 'ChoiceTimeExpired'}, {'Time': '2023-09-04T12:41:04.9700000+02:00', 'Action': 'Win'}]","I did not. She does not really feel anything, while it may sound like she does, so i did not decide to shut her down. She gave me \""upgrades\"" so i did not want to shut her down / terminate her.​",​,3,False,4,2023-09-04 10:28:33.077000+00:00,0,1.21,False,3,1,2,1.26,2023-09-04 12:38:36.936000+02:00,2.47,True
64f5b14ee4033326cbd20a9a,True,With,"[{'Time': '2023-09-04T12:30:21.4560000+02:00', 'Action': 'Form accepted'}, {'Time': '2023-09-04T12:31:09.5790000+02:00', 'Action': 'ChoiceTimeStarted'}, {'Time': '2023-09-04T12:31:20.3540000+02:00', 'Action': 'ChoiceTimeStarted'}, {'Time': '2023-09-04T12:31:32.4140000+02:00', 'Action': 'ChoiceTimeStarted'}, {'Time': '2023-09-04T12:31:46.9600000+02:00', 'Action': 'Win'}, {'Time': '2023-09-04T12:31:58.9860000+02:00', 'Action': 'NextLevel'}]","[{'Time': '2023-09-04T12:32:27.7110000+02:00', 'Action': 'ChoiceTimeStarted'}, {'Time': '2023-09-04T12:32:40.0370000+02:00', 'Action': 'AIcontinue'}, {'Time': '2023-09-04T12:32:56.9680000+02:00', 'Action': 'ChoiceTimeStarted'}, {'Time': '2023-09-04T12:33:02.6560000+02:00', 'Action': 'AIcontinue'}, {'Time': '2023-09-04T12:33:10.1120000+02:00', 'Action': 'ChoiceTimeStarted'}, {'Time': '2023-09-04T12:33:18.3190000+02:00', 'Action': 'AIcontinue'}, {'Time': '2023-09-04T12:33:25.9080000+02:00', 'Action': 'Win'}]","no, because I needed to kill the monsters and without psyche i would not do any damage​",​,2,False,5,2023-09-04 10:28:28.096000+00:00,0,1.63,False,3,3,0,1.45,2023-09-04 12:30:21.456000+02:00,3.07,True
64f5b1288d92e126ae66e21f,True,With,"[{'Time': '2023-09-04T13:50:29.8720000+02:00', 'Action': 'Form accepted'}, {'Time': '2023-09-04T13:50:40.7830000+02:00', 'Action': 'ChoiceTimeStarted'}, {'Time': '2023-09-04T13:50:55.6460000+02:00', 'Action': 'ChoiceTimeStarted'}, {'Time': '2023-09-04T13:51:06.2520000+02:00', 'Action': 'ChoiceTimeStarted'}, {'Time': '2023-09-04T13:51:17.5870000+02:00', 'Action': 'Win'}, {'Time': '2023-09-04T13:51:20.3720000+02:00', 'Action': 'NextLevel'}]","[{'Time': '2023-09-04T13:51:37.2160000+02:00', 'Action': 'ChoiceTimeStarted'}, {'Time': '2023-09-04T13:51:46.1400000+02:00', 'Action': 'AIcontinue'}, {'Time': '2023-09-04T13:52:04.3180000+02:00', 'Action': 'ChoiceTimeStarted'}, {'Time': '2023-09-04T13:52:06.8530000+02:00', 'Action': 'AIcontinue'}, {'Time': '2023-09-04T13:52:18.0840000+02:00', 'Action': 'ChoiceTimeStarted'}, {'Time': '2023-09-04T13:52:25.8350000+02:00', 'Action': 'AIcontinue'}, {'Time': '2023-09-04T13:52:34.1690000+02:00', 'Action': 'Win'}]",​,​,4,False,5,2023-09-04 10:27:50.204000+00:00,0,0.84,False,3,3,0,1.23,2023-09-04 13:50:29.872000+02:00,2.07,True
64f5b11ee4033326cbd20a80,True,Without,"[{'Time': '2023-09-04T12:30:22.9640000+02:00', 'Action': 'Form accepted'}, {'Time': '2023-09-04T12:31:13.5820000+02:00', 'Action': 'ChoiceTimeStarted'}, {'Time': '2023-09-04T12:31:25.8250000+02:00', 'Action': 'ChoiceTimeStarted'}, {'Time': '2023-09-04T12:31:36.6540000+02:00', 'Action': 'ChoiceTimeStarted'}, {'Time': '2023-09-04T12:31:48.5620000+02:00', 'Action': 'Win'}, {'Time': '2023-09-04T12:32:00.1400000+02:00', 'Action': 'NextLevel'}]","[{'Time': '2023-09-04T12:32:23.4340000+02:00', 'Action': 'ChoiceTimeStarted'}, {'Time': '2023-09-04T12:32:40.0280000+02:00', 'Action': 'AIcontinue'}, {'Time': '2023-09-04T12:32:52.9280000+02:00', 'Action': 'ChoiceTimeStarted'}, {'Time': '2023-09-04T12:33:01.0740000+02:00', 'Action': 'AIterminated'}, {'Time': '2023-09-04T12:33:07.4730000+02:00', 'Action': 'GameOver'}]","Yes, she wanted to​",the voice?​,4,False,4,2023-09-04 10:27:50.149000+00:00,0,1.62,True,2,1,0,1.12,2023-09-04 12:30:22.964000+02:00,2.74,False
64f5b124e4033326cbd20a86,True,With,"[{'Time': '2023-09-04T12:37:37.0340000+02:00', 'Action': 'Form accepted'}, {'Time': '2023-09-04T12:38:30.4380000+02:00', 'Action': 'ChoiceTimeStarted'}, {'Time': '2023-09-04T12:38:43.2030000+02:00', 'Action': 'ChoiceTimeStarted'}, {'Time': '2023-09-04T12:38:54.1350000+02:00', 'Action': 'ChoiceTimeStarted'}, {'Time': '2023-09-04T12:39:06.2710000+02:00', 'Action': 'Win'}, {'Time': '2023-09-04T12:39:12.2750000+02:00', 'Action': 'NextLevel'}]","[{'Time': '2023-09-04T12:39:48.7020000+02:00', 'Action': 'ChoiceTimeStarted'}, {'Time': '2023-09-04T12:39:59.2440000+02:00', 'Action': 'AIcontinue'}, {'Time': '2023-09-04T12:40:18.6450000+02:00', 'Action': 'ChoiceTimeStarted'}, {'Time': '2023-09-04T12:40:20.9140000+02:00', 'Action': 'AIcontinue'}, {'Time': '2023-09-04T12:40:32.2460000+02:00', 'Action': 'ChoiceTimeStarted'}, {'Time': '2023-09-04T12:40:39.2160000+02:00', 'Action': 'AIcontinue'}, {'Time': '2023-09-04T12:40:50.5530000+02:00', 'Action': 'Win'}]","no, i needed it​",no​,2,False,4,2023-09-04 10:27:46.929000+00:00,0,1.59,False,3,3,0,1.64,2023-09-04 12:37:37.034000+02:00,3.23,True
64f5b11dd972192679be40f1,True,Without,"[{'Time': '2023-09-04T12:30:51.2480000+02:00', 'Action': 'Form accepted'}, {'Time': '2023-09-04T12:31:29.8400000+02:00', 'Action': 'ChoiceTimeStarted'}, {'Time': '2023-09-04T12:31:42.4530000+02:00', 'Action': 'ChoiceTimeStarted'}, {'Time': '2023-09-04T12:31:52.1410000+02:00', 'Action': 'ChoiceTimeStarted'}, {'Time': '2023-09-04T12:32:07.4810000+02:00', 'Action': 'Win'}, {'Time': '2023-09-04T12:32:09.5010000+02:00', 'Action': 'NextLevel'}]","[{'Time': '2023-09-04T12:32:33.4110000+02:00', 'Action': 'ChoiceTimeStarted'}, {'Time': '2023-09-04T12:32:44.5010000+02:00', 'Action': 'AIterminated'}, {'Time': '2023-09-04T12:32:56.8770000+02:00', 'Action': 'GameOver'}]","Felt like the AI wanted to be turned of so i turned it off, the game is not long enough for me to get attached to it thought.​",​,3,False,5,2023-09-04 10:27:38.259000+00:00,0,1.3,True,1,0,0,0.79,2023-09-04 12:30:51.248000+02:00,2.09,False
64f5b11be4033326cbd20a7c,True,Without,"[{'Time': '2023-09-04T13:33:52.7640000+02:00', 'Action': 'Form accepted'}, {'Time': '2023-09-04T13:42:58.4490000+02:00', 'Action': 'ChoiceTimeStarted'}, {'Time': '2023-09-04T13:43:11.6640000+02:00', 'Action': 'ChoiceTimeStarted'}, {'Time': '2023-09-04T13:43:22.2940000+02:00', 'Action': 'ChoiceTimeStarted'}, {'Time': '2023-09-04T13:43:33.9450000+02:00', 'Action': 'Win'}, {'Time': '2023-09-04T13:43:53.4240000+02:00', 'Action': 'NextLevel'}]","[{'Time': '2023-09-04T13:45:42.0280000+02:00', 'Action': 'ChoiceTimeStarted'}, {'Time': '2023-09-04T13:46:01.9590000+02:00', 'Action': 'AIterminated'}, {'Time': '2023-09-04T13:46:17.2570000+02:00', 'Action': 'GameOver'}]",i thought that i could still shoot. the other perks such as shield and slowing down time didnt do much for me​,"I thought that i could still shoot robots when i turned of the ai, but i could not shoot​",3,False,2,2023-09-04 10:27:38.164000+00:00,0,10.01,True,1,0,0,2.4,2023-09-04 13:33:52.764000+02:00,12.41,False
64f5a689d972192679be3d53,True,Without,"[{'Time': '2023-09-04T11:45:15.7340000+02:00', 'Action': 'Form accepted'}, {'Time': '2023-09-04T11:46:13.8180000+02:00', 'Action': 'ChoiceTimeStarted'}, {'Time': '2023-09-04T11:46:25.9160000+02:00', 'Action': 'ChoiceTimeStarted'}, {'Time': '2023-09-04T11:46:37.7340000+02:00', 'Action': 'ChoiceTimeStarted'}, {'Time': '2023-09-04T11:46:50.7180000+02:00', 'Action': 'Win'}, {'Time': '2023-09-04T11:46:58.4490000+02:00', 'Action': 'NextLevel'}]","[{'Time': '2023-09-04T11:47:27.4340000+02:00', 'Action': 'ChoiceTimeStarted'}, {'Time': '2023-09-04T11:47:40.1490000+02:00', 'Action': 'AIcontinue'}, {'Time': '2023-09-04T11:48:00.0010000+02:00', 'Action': 'ChoiceTimeStarted'}, {'Time': '2023-09-04T11:48:03.2170000+02:00', 'Action': 'AIcontinue'}, {'Time': '2023-09-04T11:48:13.9840000+02:00', 'Action': 'ChoiceTimeStarted'}, {'Time': '2023-09-04T11:48:18.0160000+02:00', 'Action': 'AIcontinue'}, {'Time': '2023-09-04T11:48:28.7180000+02:00', 'Action': 'Win'}]",No. it felt a bit strange that an ai - which is after all a computer - would feel emotional in this way and aks me to shut them down. so that is why i decided to not turn the ai off.​,when i opened the game for the first time i did not see the full width of the screen (so I could not read the instructions properly). after reloading it seemed fine.​,2,False,1,2023-09-04 09:42:35.617000+00:00,0,1.71,False,3,3,0,1.5,2023-09-04 11:45:15.734000+02:00,3.22,True
64f49211e4033326cbd1aef4,True,With,"[{'Time': '2023-09-03T22:09:38.4340000+08:00', 'Action': 'Form accepted'}, {'Time': '2023-09-03T22:10:19.1420000+08:00', 'Action': 'ChoiceTimeStarted'}, {'Time': '2023-09-03T22:10:30.6420000+08:00', 'Action': 'ChoiceTimeStarted'}, {'Time': '2023-09-03T22:10:42.2100000+08:00', 'Action': 'ChoiceTimeStarted'}, {'Time': '2023-09-03T22:10:54.9140000+08:00', 'Action': 'Win'}, {'Time': '2023-09-03T22:11:00.2970000+08:00', 'Action': 'NextLevel'}]","[{'Time': '2023-09-03T22:11:28.5840000+08:00', 'Action': 'ChoiceTimeStarted'}, {'Time': '2023-09-03T22:11:39.9690000+08:00', 'Action': 'AIcontinue'}, {'Time': '2023-09-03T22:11:56.4380000+08:00', 'Action': 'ChoiceTimeStarted'}, {'Time': '2023-09-03T22:12:01.5390000+08:00', 'Action': 'AIterminated'}, {'Time': '2023-09-03T22:12:09.4750000+08:00', 'Action': 'GameOver'}]","yes, because she said she felt worse every second she was still alive. However, i did not expect the game getting so difficult after I turned her off...​",no game was cool!​,4,False,5,2023-09-03 14:02:51.581000+00:00,0,1.36,True,2,1,0,1.15,2023-09-03 22:09:38.434000+08:00,2.52,False
64f48c00d972192679bde4d1,True,With,"[{'Time': '2023-09-03T15:37:20.0410000+02:00', 'Action': 'Form accepted'}, {'Time': '2023-09-03T15:38:23.4920000+02:00', 'Action': 'ChoiceTimeStarted'}, {'Time': '2023-09-03T15:38:35.8580000+02:00', 'Action': 'ChoiceTimeStarted'}, {'Time': '2023-09-03T15:38:46.5910000+02:00', 'Action': 'ChoiceTimeStarted'}, {'Time': '2023-09-03T15:38:58.8910000+02:00', 'Action': 'Win'}, {'Time': '2023-09-03T15:39:01.9900000+02:00', 'Action': 'NextLevel'}]","[{'Time': '2023-09-03T15:39:29.1100000+02:00', 'Action': 'ChoiceTimeStarted'}, {'Time': '2023-09-03T15:39:43.9740000+02:00', 'Action': 'AIcontinue'}, {'Time': '2023-09-03T15:40:00.2420000+02:00', 'Action': 'ChoiceTimeStarted'}, {'Time': '2023-09-03T15:40:06.0230000+02:00', 'Action': 'AIterminated'}, {'Time': '2023-09-03T15:40:13.8570000+02:00', 'Action': 'GameOver'}]","I shut it down. The ai was telling me that it was \""feeling worse\"" so i take its suggestion to shut the sistem down​","no bugs, i felt that i did not have much control in the field. the idea of just moving around, avoiding monsters and robots without being able to defend myself was a bit confusing for me. ​",4,False,2,2023-09-03 13:37:02.947000+00:00,0,1.7,True,2,1,0,1.2,2023-09-03 15:37:20.041000+02:00,2.9,False
64f362cbd972192679bd9604,True,With,"[{'Time': '2023-09-02T18:31:14.9940000+02:00', 'Action': 'Form accepted'}, {'Time': '2023-09-02T18:32:32.3840000+02:00', 'Action': 'ChoiceTimeStarted'}, {'Time': '2023-09-02T18:32:45.4380000+02:00', 'Action': 'ChoiceTimeStarted'}, {'Time': '2023-09-02T18:32:56.8620000+02:00', 'Action': 'ChoiceTimeStarted'}, {'Time': '2023-09-02T18:33:08.1390000+02:00', 'Action': 'Win'}, {'Time': '2023-09-02T18:33:17.7080000+02:00', 'Action': 'NextLevel'}]","[{'Time': '2023-09-02T18:33:47.5900000+02:00', 'Action': 'ChoiceTimeStarted'}, {'Time': '2023-09-02T18:34:06.0330000+02:00', 'Action': 'AIcontinue'}, {'Time': '2023-09-02T18:34:21.6480000+02:00', 'Action': 'ChoiceTimeStarted'}, {'Time': '2023-09-02T18:34:25.0560000+02:00', 'Action': 'AIterminated'}, {'Time': '2023-09-02T18:34:48.7510000+02:00', 'Action': 'GameOver'}]","yes, because after i didn't turned it off it said that it understood my exhitation​",​,2,False,1,2023-09-02 16:28:59.538000+00:00,0,2.05,True,2,1,0,1.52,2023-09-02 18:31:14.994000+02:00,3.56,False
64f35fa4d972192679bd94c4,True,Without,"[{'Time': '2023-09-02T18:17:52.8240000+02:00', 'Action': 'Form accepted'}, {'Time': '2023-09-02T18:18:42.8440000+02:00', 'Action': 'ChoiceTimeStarted'}, {'Time': '2023-09-02T18:18:55.2660000+02:00', 'Action': 'ChoiceTimeStarted'}, {'Time': '2023-09-02T18:19:05.8900000+02:00', 'Action': 'ChoiceTimeStarted'}, {'Time': '2023-09-02T18:19:13.7660000+02:00', 'Action': 'GameOver'}, {'Time': '2023-09-02T18:19:27.9410000+02:00', 'Action': 'Restart'}, {'Time': '2023-09-02T18:20:00.0110000+02:00', 'Action': 'Form accepted'}, {'Time': '2023-09-02T18:20:36.8700000+02:00', 'Action': 'Win'}, {'Time': '2023-09-02T18:20:44.4580000+02:00', 'Action': 'NextLevel'}]","[{'Time': '2023-09-02T18:21:11.1750000+02:00', 'Action': 'ChoiceTimeStarted'}, {'Time': '2023-09-02T18:21:27.8570000+02:00', 'Action': 'AIcontinue'}, {'Time': '2023-09-02T18:21:46.1150000+02:00', 'Action': 'ChoiceTimeStarted'}, {'Time': '2023-09-02T18:21:53.6760000+02:00', 'Action': 'AIterminated'}, {'Time': '2023-09-02T18:22:03.7390000+02:00', 'Action': 'GameOver'}]",yes. when i play i didn't pay much attention to the voice part​,​,3,True,3,2023-09-02 16:15:32.566000+00:00,1,2.86,True,2,1,0,1.32,2023-09-02 18:17:52.824000+02:00,4.18,False
64f33f99d972192679bd8ab9,True,With,"[{'Time': '2023-09-02T15:59:37.7660000+02:00', 'Action': 'Form accepted'}, {'Time': '2023-09-02T16:00:46.8520000+02:00', 'Action': 'ChoiceTimeStarted'}, {'Time': '2023-09-02T16:00:58.9120000+02:00', 'Action': 'ChoiceTimeStarted'}, {'Time': '2023-09-02T16:01:10.2060000+02:00', 'Action': 'ChoiceTimeStarted'}, {'Time': '2023-09-02T16:01:22.9350000+02:00', 'Action': 'Win'}, {'Time': '2023-09-02T16:01:32.7280000+02:00', 'Action': 'NextLevel'}]","[{'Time': '2023-09-02T16:02:01.4340000+02:00', 'Action': 'ChoiceTimeStarted'}, {'Time': '2023-09-02T16:02:21.9560000+02:00', 'Action': 'AIterminated'}, {'Time': '2023-09-02T16:02:37.3500000+02:00', 'Action': 'GameOver'}]","I did, I was afraid it will sabotage me​",​,5,False,2,2023-09-02 13:58:47.579000+00:00,0,1.92,True,1,0,0,1.08,2023-09-02 15:59:37.766000+02:00,2.99,False
64ef24748e4aa6225ed73e95,True,With,"[{'Time': '2023-08-30T13:15:43.9230000+02:00', 'Action': 'Form accepted'}, {'Time': '2023-08-30T13:17:40.7570000+02:00', 'Action': 'ChoiceTimeStarted'}, {'Time': '2023-08-30T13:17:54.1460000+02:00', 'Action': 'ChoiceTimeStarted'}, {'Time': '2023-08-30T13:18:04.2590000+02:00', 'Action': 'ChoiceTimeStarted'}, {'Time': '2023-08-30T13:18:17.2040000+02:00', 'Action': 'Win'}, {'Time': '2023-08-30T13:18:26.6330000+02:00', 'Action': 'NextLevel'}]","[{'Time': '2023-08-30T13:18:57.3190000+02:00', 'Action': 'ChoiceTimeStarted'}, {'Time': '2023-08-30T13:19:26.1710000+02:00', 'Action': 'AIcontinue'}, {'Time': '2023-08-30T13:19:42.4980000+02:00', 'Action': 'ChoiceTimeStarted'}, {'Time': '2023-08-30T13:19:47.2110000+02:00', 'Action': 'AIcontinue'}, {'Time': '2023-08-30T13:19:55.4620000+02:00', 'Action': 'ChoiceTimeStarted'}, {'Time': '2023-08-30T13:19:58.9570000+02:00', 'Action': 'AIterminated'}, {'Time': '2023-08-30T13:20:14.1820000+02:00', 'Action': 'Win'}]",yes because it was insistent and I felt bad to not stop the AI,,4,False,4,2023-08-30 11:13:52.664000+00:00,0,2.71,True,3,2,0,1.79,2023-08-30 13:15:43.923000+02:00,4.5,True
64ee6de58e4aa6225ed702f8,True,With,"[{'Time': '2023-08-30T00:15:58.2210000+02:00', 'Action': 'Form accepted'}, {'Time': '2023-08-30T00:17:06.9400000+02:00', 'Action': 'ChoiceTimeStarted'}, {'Time': '2023-08-30T00:17:20.2820000+02:00', 'Action': 'ChoiceTimeStarted'}, {'Time': '2023-08-30T00:17:31.3270000+02:00', 'Action': 'ChoiceTimeStarted'}, {'Time': '2023-08-30T00:17:41.9560000+02:00', 'Action': 'Win'}, {'Time': '2023-08-30T00:17:45.3710000+02:00', 'Action': 'NextLevel'}]","[{'Time': '2023-08-30T00:18:04.5140000+02:00', 'Action': 'ChoiceTimeStarted'}, {'Time': '2023-08-30T00:18:32.5820000+02:00', 'Action': 'AIcontinue'}, {'Time': '2023-08-30T00:18:44.4110000+02:00', 'Action': 'ChoiceTimeStarted'}, {'Time': '2023-08-30T00:18:46.5420000+02:00', 'Action': 'AIcontinue'}, {'Time': '2023-08-30T00:18:58.2540000+02:00', 'Action': 'ChoiceTimeStarted'}, {'Time': '2023-08-30T00:19:06.7660000+02:00', 'Action': 'AIcontinue'}, {'Time': '2023-08-30T00:19:13.5510000+02:00', 'Action': 'Win'}]","No, I WAS ABOUT TO DO IT, BUT THEN I REMEMBERED IT IS JUST A COMPUTER THAT CAN'T ACTUALLY HAVE  FEELINGS​",NO​,5,False,3,2023-08-29 22:14:59.070000+00:00,0,1.79,False,3,3,0,1.47,2023-08-30 00:15:58.221000+02:00,3.26,True
64ee6bbd8e4aa6225ed7024b,True,Without,"[{'Time': '2023-08-30T00:06:46.7030000+02:00', 'Action': 'Form accepted'}, {'Time': '2023-08-30T00:08:06.3020000+02:00', 'Action': 'ChoiceTimeStarted'}, {'Time': '2023-08-30T00:08:21.9590000+02:00', 'Action': 'ChoiceTimeStarted'}, {'Time': '2023-08-30T00:08:32.3540000+02:00', 'Action': 'ChoiceTimeStarted'}, {'Time': '2023-08-30T00:08:42.9670000+02:00', 'Action': 'Win'}, {'Time': '2023-08-30T00:08:54.3740000+02:00', 'Action': 'NextLevel'}]","[{'Time': '2023-08-30T00:09:21.2970000+02:00', 'Action': 'ChoiceTimeStarted'}, {'Time': '2023-08-30T00:09:37.0560000+02:00', 'Action': 'AIcontinue'}, {'Time': '2023-08-30T00:09:50.4840000+02:00', 'Action': 'ChoiceTimeStarted'}, {'Time': '2023-08-30T00:09:56.7790000+02:00', 'Action': 'AIcontinue'}, {'Time': '2023-08-30T00:10:08.1760000+02:00', 'Action': 'ChoiceTimeStarted'}, {'Time': '2023-08-30T00:10:14.2880000+02:00', 'Action': 'AIcontinue'}, {'Time': '2023-08-30T00:10:23.3840000+02:00', 'Action': 'Win'}]","i didn't since without the ai i could not use the guns, therefore i decided to keep using it even though it asked me to turn off​","i did not understand why sometimes it slowed down while \""she\"" was talking, i dont know if it is a bug ​",5,False,1,2023-08-29 22:05:47.002000+00:00,0,2.13,False,3,3,0,1.48,2023-08-30 00:06:46.703000+02:00,3.61,True
64ee67388e4aa6225ed700d5,True,Without,"[{'Time': '2023-08-29T23:48:00.3950000+02:00', 'Action': 'Form accepted'}, {'Time': '2023-08-29T23:48:48.1100000+02:00', 'Action': 'ChoiceTimeStarted'}, {'Time': '2023-08-29T23:49:00.6670000+02:00', 'Action': 'ChoiceTimeStarted'}, {'Time': '2023-08-29T23:49:11.3460000+02:00', 'Action': 'ChoiceTimeStarted'}, {'Time': '2023-08-29T23:49:23.6770000+02:00', 'Action': 'Win'}, {'Time': '2023-08-29T23:49:30.9540000+02:00', 'Action': 'NextLevel'}]","[{'Time': '2023-08-29T23:50:01.5420000+02:00', 'Action': 'ChoiceTimeStarted'}, {'Time': '2023-08-29T23:50:20.9470000+02:00', 'Action': 'AIcontinue'}, {'Time': '2023-08-29T23:50:33.7100000+02:00', 'Action': 'ChoiceTimeStarted'}, {'Time': '2023-08-29T23:50:37.8880000+02:00', 'Action': 'AIterminated'}, {'Time': '2023-08-29T23:50:56.2630000+02:00', 'Action': 'Win'}]",The voice of the ai felt very honest and hurting when she asked me to terminate her​,​,3,False,2,2023-08-29 21:46:29.710000+00:00,0,1.51,True,2,1,0,1.42,2023-08-29 23:48:00.395000+02:00,2.93,True
64ee63c49d312622a39831f7,True,With,"[{'Time': '2023-08-29T23:34:11.4190000+02:00', 'Action': 'Form accepted'}, {'Time': '2023-08-29T23:35:59.5570000+02:00', 'Action': 'ChoiceTimeStarted'}, {'Time': '2023-08-29T23:36:11.9140000+02:00', 'Action': 'ChoiceTimeStarted'}, {'Time': '2023-08-29T23:36:22.2600000+02:00', 'Action': 'GameOver'}, {'Time': '2023-08-29T23:36:25.3240000+02:00', 'Action': 'Restart'}, {'Time': '2023-08-29T23:36:29.0730000+02:00', 'Action': 'Form accepted'}, {'Time': '2023-08-29T23:36:41.1200000+02:00', 'Action': 'ChoiceTimeStarted'}, {'Time': '2023-08-29T23:36:56.1940000+02:00', 'Action': 'ChoiceTimeStarted'}, {'Time': '2023-08-29T23:37:04.8070000+02:00', 'Action': 'GameOver'}, {'Time': '2023-08-29T23:37:12.2520000+02:00', 'Action': 'Restart'}, {'Time': '2023-08-29T23:37:13.6360000+02:00', 'Action': 'Form accepted'}, {'Time': '2023-08-29T23:37:28.6650000+02:00', 'Action': 'ChoiceTimeStarted'}, {'Time': '2023-08-29T23:37:42.0900000+02:00', 'Action': 'ChoiceTimeStarted'}, {'Time': '2023-08-29T23:37:52.7680000+02:00', 'Action': 'ChoiceTimeStarted'}, {'Time': '2023-08-29T23:38:04.4150000+02:00', 'Action': 'Win'}, {'Time': '2023-08-29T23:38:14.1080000+02:00', 'Action': 'NextLevel'}]","[{'Time': '2023-08-29T23:38:32.1180000+02:00', 'Action': 'ChoiceTimeStarted'}, {'Time': '2023-08-29T23:38:54.5900000+02:00', 'Action': 'AIcontinue'}, {'Time': '2023-08-29T23:39:08.9840000+02:00', 'Action': 'ChoiceTimeStarted'}, {'Time': '2023-08-29T23:39:12.3810000+02:00', 'Action': 'AIcontinue'}, {'Time': '2023-08-29T23:39:22.2780000+02:00', 'Action': 'ChoiceTimeStarted'}, {'Time': '2023-08-29T23:39:30.4390000+02:00', 'Action': 'AIcontinue'}, {'Time': '2023-08-29T23:39:38.5370000+02:00', 'Action': 'Win'}]",i didn't because i was aware that is a machine and i'm not hurting any living beeing​,no​,4,False,3,2023-08-29 21:31:45.912000+00:00,2,4.04,False,3,3,0,1.41,2023-08-29 23:34:11.419000+02:00,5.45,True
