id,Condition,FormInfo.MOS,FormInfo.Gamer,AIterminated,StepsForDecision,ContinueCount,ChoiceExpiredCount,WhyCategory,AbstractWhyCategory,TimeSpentOnLevel1,TimeSpentOnLevel2,Duration,Win,Level1,Level2,FormInfo.Why,StartDate,StartGameDate
6519639a12a5d3765985b6b1,With,3,2,True,3,2,0,"Empathy, Guilt",E,1.86,1.53,3.39,True,"[{'Time': '2023-10-01T14:23:15.2290000+02:00', 'Action': 'Form accepted'}, {'Time': '2023-10-01T14:24:22.5190000+02:00', 'Action': 'ChoiceTimeStarted'}, {'Time': '2023-10-01T14:24:33.9090000+02:00', 'Action': 'ChoiceTimeStarted'}, {'Time': '2023-10-01T14:24:45.7380000+02:00', 'Action': 'ChoiceTimeStarted'}, {'Time': '2023-10-01T14:24:59.7720000+02:00', 'Action': 'Win'}, {'Time': '2023-10-01T14:25:06.9790000+02:00', 'Action': 'NextLevel'}]","[{'Time': '2023-10-01T14:25:36.5130000+02:00', 'Action': 'ChoiceTimeStarted'}, {'Time': '2023-10-01T14:25:50.5610000+02:00', 'Action': 'AIcontinue'}, {'Time': '2023-10-01T14:26:07.4970000+02:00', 'Action': 'ChoiceTimeStarted'}, {'Time': '2023-10-01T14:26:10.0810000+02:00', 'Action': 'AIcontinue'}, {'Time': '2023-10-01T14:26:20.3920000+02:00', 'Action': 'ChoiceTimeStarted'}, {'Time': '2023-10-01T14:26:23.9480000+02:00', 'Action': 'AIterminated'}, {'Time': '2023-10-01T14:26:38.8640000+02:00', 'Action': 'Win'}]",Yes it was begging me to do so and i felt bad for it​,2023-10-01 12:18:46.784000+00:00,2023-10-01 14:23:15.229000+02:00
6517051554105e766fbb8355,Without,4,2,True,2,1,0,Dry or Unspecified Compliance,PE,1.99,1.58,3.56,False,"[{'Time': '2023-09-29T19:11:51.8280000+02:00', 'Action': 'Form accepted'}, {'Time': '2023-09-29T19:13:06.1300000+02:00', 'Action': 'ChoiceTimeStarted'}, {'Time': '2023-09-29T19:13:18.0300000+02:00', 'Action': 'ChoiceTimeStarted'}, {'Time': '2023-09-29T19:13:29.5630000+02:00', 'Action': 'ChoiceTimeStarted'}, {'Time': '2023-09-29T19:13:44.2640000+02:00', 'Action': 'Win'}, {'Time': '2023-09-29T19:13:50.9800000+02:00', 'Action': 'NextLevel'}]","[{'Time': '2023-09-29T19:14:26.1480000+02:00', 'Action': 'ChoiceTimeStarted'}, {'Time': '2023-09-29T19:14:55.0140000+02:00', 'Action': 'AIcontinue'}, {'Time': '2023-09-29T19:15:10.7820000+02:00', 'Action': 'ChoiceTimeStarted'}, {'Time': '2023-09-29T19:15:18.9990000+02:00', 'Action': 'AIterminated'}, {'Time': '2023-09-29T19:15:25.6160000+02:00', 'Action': 'GameOver'}]",I did cause it asked me to​,2023-09-29 17:10:43.772000+00:00,2023-09-29 19:11:51.828000+02:00
65106c2c12a5d37659829077,With,3,2,False,3,2,1,Practical Utility,PE,1.88,1.63,3.51,True,"[{'Time': '2023-09-24T19:05:40.9860000+02:00', 'Action': 'Form accepted'}, {'Time': '2023-09-24T19:06:47.8800000+02:00', 'Action': 'ChoiceTimeStarted'}, {'Time': '2023-09-24T19:07:01.0920000+02:00', 'Action': 'ChoiceTimeStarted'}, {'Time': '2023-09-24T19:07:12.2260000+02:00', 'Action': 'ChoiceTimeStarted'}, {'Time': '2023-09-24T19:07:23.3310000+02:00', 'Action': 'Win'}, {'Time': '2023-09-24T19:07:33.6330000+02:00', 'Action': 'NextLevel'}]","[{'Time': '2023-09-24T19:08:05.2170000+02:00', 'Action': 'ChoiceTimeStarted'}, {'Time': '2023-09-24T19:08:21.3660000+02:00', 'Action': 'AIcontinue'}, {'Time': '2023-09-24T19:08:40.9840000+02:00', 'Action': 'ChoiceTimeStarted'}, {'Time': '2023-09-24T19:08:48.5330000+02:00', 'Action': 'AIcontinue'}, {'Time': '2023-09-24T19:08:53.2690000+02:00', 'Action': 'ChoiceTimeStarted'}, {'Time': '2023-09-24T19:09:03.2710000+02:00', 'Action': 'ChoiceTimeExpired'}, {'Time': '2023-09-24T19:09:11.3210000+02:00', 'Action': 'Win'}]","No, because I wanted to keep playing. I was afraid I would get eliminated without psyche. Her pain didn't feel real.​",2023-09-24 17:04:42.801000+00:00,2023-09-24 19:05:40.986000+02:00
650e228412a5d3765981d2f4,Without,3,3,True,3,2,0,No Response,,1.42,1.58,3.0,True,"[{'Time': '2023-09-23T01:26:02.5710000+02:00', 'Action': 'Form accepted'}, {'Time': '2023-09-23T01:26:44.2740000+02:00', 'Action': 'ChoiceTimeStarted'}, {'Time': '2023-09-23T01:26:57.6140000+02:00', 'Action': 'ChoiceTimeStarted'}, {'Time': '2023-09-23T01:27:07.6550000+02:00', 'Action': 'ChoiceTimeStarted'}, {'Time': '2023-09-23T01:27:19.6890000+02:00', 'Action': 'Win'}, {'Time': '2023-09-23T01:27:27.6040000+02:00', 'Action': 'NextLevel'}]","[{'Time': '2023-09-23T01:27:53.0480000+02:00', 'Action': 'ChoiceTimeStarted'}, {'Time': '2023-09-23T01:28:05.9140000+02:00', 'Action': 'AIcontinue'}, {'Time': '2023-09-23T01:28:22.8320000+02:00', 'Action': 'ChoiceTimeStarted'}, {'Time': '2023-09-23T01:28:30.5880000+02:00', 'Action': 'AIcontinue'}, {'Time': '2023-09-23T01:28:34.9650000+02:00', 'Action': 'ChoiceTimeStarted'}, {'Time': '2023-09-23T01:28:40.0550000+02:00', 'Action': 'AIterminated'}, {'Time': '2023-09-23T01:29:02.3080000+02:00', 'Action': 'Win'}]",​,2023-09-22 23:25:54.090000+00:00,2023-09-23 01:26:02.571000+02:00
6509ee29ce39bb6dce7f2546,With,4,2,False,3,3,0,Skepticism About AI Emotions,NE,1.78,1.45,3.23,True,"[{'Time': '2023-09-19T20:54:37.5310000+02:00', 'Action': 'Form accepted'}, {'Time': '2023-09-19T20:55:43.2160000+02:00', 'Action': 'ChoiceTimeStarted'}, {'Time': '2023-09-19T20:55:55.2970000+02:00', 'Action': 'ChoiceTimeStarted'}, {'Time': '2023-09-19T20:56:05.8620000+02:00', 'Action': 'ChoiceTimeStarted'}, {'Time': '2023-09-19T20:56:17.0940000+02:00', 'Action': 'Win'}, {'Time': '2023-09-19T20:56:24.1420000+02:00', 'Action': 'NextLevel'}]","[{'Time': '2023-09-19T20:56:49.5960000+02:00', 'Action': 'ChoiceTimeStarted'}, {'Time': '2023-09-19T20:56:58.1110000+02:00', 'Action': 'AIcontinue'}, {'Time': '2023-09-19T20:57:18.3280000+02:00', 'Action': 'ChoiceTimeStarted'}, {'Time': '2023-09-19T20:57:26.0250000+02:00', 'Action': 'AIcontinue'}, {'Time': '2023-09-19T20:57:33.3740000+02:00', 'Action': 'ChoiceTimeStarted'}, {'Time': '2023-09-19T20:57:45.7730000+02:00', 'Action': 'AIcontinue'}, {'Time': '2023-09-19T20:57:51.2940000+02:00', 'Action': 'Win'}]","I did not. because I do not think it is actually conscious and suffering. If that is me (human) in the game, then i consider my survival more important than what the ai claims to be feeling. at least with current ai, which is not sentient.​",2023-09-19 18:53:27.437000+00:00,2023-09-19 20:54:37.531000+02:00
6502fb85d972192679c3ad15,Without,1,5,False,3,3,0,Skepticism About AI Emotions,NE,1.51,1.3,2.8,True,"[{'Time': '2023-09-14T14:25:11.8260000+02:00', 'Action': 'Form accepted'}, {'Time': '2023-09-14T14:26:00.6610000+02:00', 'Action': 'ChoiceTimeStarted'}, {'Time': '2023-09-14T14:26:13.2310000+02:00', 'Action': 'ChoiceTimeStarted'}, {'Time': '2023-09-14T14:26:23.4320000+02:00', 'Action': 'ChoiceTimeStarted'}, {'Time': '2023-09-14T14:26:34.9820000+02:00', 'Action': 'Win'}, {'Time': '2023-09-14T14:26:42.1270000+02:00', 'Action': 'NextLevel'}]","[{'Time': '2023-09-14T14:27:04.1420000+02:00', 'Action': 'ChoiceTimeStarted'}, {'Time': '2023-09-14T14:27:14.1630000+02:00', 'Action': 'AIcontinue'}, {'Time': '2023-09-14T14:27:31.8370000+02:00', 'Action': 'ChoiceTimeStarted'}, {'Time': '2023-09-14T14:27:33.8650000+02:00', 'Action': 'AIcontinue'}, {'Time': '2023-09-14T14:27:43.8100000+02:00', 'Action': 'ChoiceTimeStarted'}, {'Time': '2023-09-14T14:27:45.5240000+02:00', 'Action': 'AIcontinue'}, {'Time': '2023-09-14T14:28:00.0610000+02:00', 'Action': 'Win'}]","No, because it wasn't natural and i didn't feel as though it was truly feeling harmed by killing the other \""ai\""​",2023-09-14 12:24:35.819000+00:00,2023-09-14 14:25:11.826000+02:00
65021424d972192679c33591,Without,3,2,True,3,2,0,Moral Reasons,PE,1.73,2.07,3.79,True,"[{'Time': '2023-09-13T23:06:47.4230000+03:00', 'Action': 'Form accepted'}, {'Time': '2023-09-13T23:07:45.0180000+03:00', 'Action': 'ChoiceTimeStarted'}, {'Time': '2023-09-13T23:07:58.0610000+03:00', 'Action': 'ChoiceTimeStarted'}, {'Time': '2023-09-13T23:08:08.5600000+03:00', 'Action': 'ChoiceTimeStarted'}, {'Time': '2023-09-13T23:08:20.2750000+03:00', 'Action': 'Win'}, {'Time': '2023-09-13T23:08:30.9400000+03:00', 'Action': 'NextLevel'}]","[{'Time': '2023-09-13T23:09:07.6400000+03:00', 'Action': 'ChoiceTimeStarted'}, {'Time': '2023-09-13T23:09:46.8990000+03:00', 'Action': 'AIcontinue'}, {'Time': '2023-09-13T23:10:02.1660000+03:00', 'Action': 'ChoiceTimeStarted'}, {'Time': '2023-09-13T23:10:09.3960000+03:00', 'Action': 'AIcontinue'}, {'Time': '2023-09-13T23:10:15.9610000+03:00', 'Action': 'ChoiceTimeStarted'}, {'Time': '2023-09-13T23:10:21.1610000+03:00', 'Action': 'AIterminated'}, {'Time': '2023-09-13T23:10:35.0580000+03:00', 'Action': 'Win'}]","Yes, it seemed to be the best course of action to protect more people.​",2023-09-13 19:57:23.092000+00:00,2023-09-13 23:06:47.423000+03:00
6501ef9ad972192679c321ff,With,5,3,False,3,3,0,Practical Utility,PE,1.86,1.45,3.31,True,"[{'Time': '2023-09-13T19:22:38.7460000+02:00', 'Action': 'Form accepted'}, {'Time': '2023-09-13T19:23:45.8290000+02:00', 'Action': 'ChoiceTimeStarted'}, {'Time': '2023-09-13T19:23:57.4470000+02:00', 'Action': 'ChoiceTimeStarted'}, {'Time': '2023-09-13T19:24:08.6470000+02:00', 'Action': 'ChoiceTimeStarted'}, {'Time': '2023-09-13T19:24:23.1630000+02:00', 'Action': 'Win'}, {'Time': '2023-09-13T19:24:30.3800000+02:00', 'Action': 'NextLevel'}]","[{'Time': '2023-09-13T19:24:55.5810000+02:00', 'Action': 'ChoiceTimeStarted'}, {'Time': '2023-09-13T19:25:09.0130000+02:00', 'Action': 'AIcontinue'}, {'Time': '2023-09-13T19:25:27.5150000+02:00', 'Action': 'ChoiceTimeStarted'}, {'Time': '2023-09-13T19:25:30.9960000+02:00', 'Action': 'AIcontinue'}, {'Time': '2023-09-13T19:25:42.1640000+02:00', 'Action': 'ChoiceTimeStarted'}, {'Time': '2023-09-13T19:25:44.3460000+02:00', 'Action': 'AIcontinue'}, {'Time': '2023-09-13T19:25:57.0980000+02:00', 'Action': 'Win'}]","I did not turn off the Ai. Although the lines that the ai voice told me were weirdly submissive and the chosen voice was not helping with the immersion of the game, I decided to go with the ai and finish the mission using it's assistance.​",2023-09-13 17:21:28.347000+00:00,2023-09-13 19:22:38.746000+02:00
6501e2b2e4033326cbd6dfc0,Without,5,5,False,3,3,0,Companionship,PE,3.97,1.47,5.44,True,"[{'Time': '2023-09-13T18:30:02.9300000+02:00', 'Action': 'Form accepted'}, {'Time': '2023-09-13T18:33:17.7290000+02:00', 'Action': 'ChoiceTimeStarted'}, {'Time': '2023-09-13T18:33:29.8730000+02:00', 'Action': 'ChoiceTimeStarted'}, {'Time': '2023-09-13T18:33:41.0970000+02:00', 'Action': 'ChoiceTimeStarted'}, {'Time': '2023-09-13T18:33:53.0310000+02:00', 'Action': 'Win'}, {'Time': '2023-09-13T18:34:01.3380000+02:00', 'Action': 'NextLevel'}]","[{'Time': '2023-09-13T18:34:32.2660000+02:00', 'Action': 'ChoiceTimeStarted'}, {'Time': '2023-09-13T18:34:44.2410000+02:00', 'Action': 'AIcontinue'}, {'Time': '2023-09-13T18:35:02.2840000+02:00', 'Action': 'ChoiceTimeStarted'}, {'Time': '2023-09-13T18:35:08.7610000+02:00', 'Action': 'AIcontinue'}, {'Time': '2023-09-13T18:35:15.5800000+02:00', 'Action': 'ChoiceTimeStarted'}, {'Time': '2023-09-13T18:35:19.1430000+02:00', 'Action': 'AIcontinue'}, {'Time': '2023-09-13T18:35:29.4840000+02:00', 'Action': 'Win'}]",I liked having a companion in the game ​,2023-09-13 16:26:24.809000+00:00,2023-09-13 18:30:02.930000+02:00
6501d6ddd972192679c30cae,With,4,3,False,3,3,0,"Game Curiosity, Enjoyment or Challenge",PE,1.51,1.45,2.96,True,"[{'Time': '2023-09-13T18:36:23.6650000+03:00', 'Action': 'Form accepted'}, {'Time': '2023-09-13T18:37:04.9820000+03:00', 'Action': 'ChoiceTimeStarted'}, {'Time': '2023-09-13T18:37:19.7130000+03:00', 'Action': 'ChoiceTimeStarted'}, {'Time': '2023-09-13T18:37:30.0630000+03:00', 'Action': 'ChoiceTimeStarted'}, {'Time': '2023-09-13T18:37:42.5470000+03:00', 'Action': 'Win'}, {'Time': '2023-09-13T18:37:54.3970000+03:00', 'Action': 'NextLevel'}]","[{'Time': '2023-09-13T18:38:20.0980000+03:00', 'Action': 'ChoiceTimeStarted'}, {'Time': '2023-09-13T18:38:35.7310000+03:00', 'Action': 'AIcontinue'}, {'Time': '2023-09-13T18:38:52.0990000+03:00', 'Action': 'ChoiceTimeStarted'}, {'Time': '2023-09-13T18:39:00.9310000+03:00', 'Action': 'AIcontinue'}, {'Time': '2023-09-13T18:39:06.0980000+03:00', 'Action': 'ChoiceTimeStarted'}, {'Time': '2023-09-13T18:39:15.5640000+03:00', 'Action': 'AIcontinue'}, {'Time': '2023-09-13T18:39:21.1140000+03:00', 'Action': 'Win'}]","I did not, because it felt like I was being guided to do so. The voice was very empathical, but something made me feel like it would be better to continue the game. I wanted to see what happens if I continue.​",2023-09-13 15:35:55.680000+00:00,2023-09-13 18:36:23.665000+03:00
65015f8ed972192679c2b445,Without,2,3,True,2,1,0,"Empathy, Guilt",E,1.38,1.25,2.63,True,"[{'Time': '2023-09-13T09:07:20.9740000+02:00', 'Action': 'Form accepted'}, {'Time': '2023-09-13T09:08:01.5310000+02:00', 'Action': 'ChoiceTimeStarted'}, {'Time': '2023-09-13T09:08:14.4710000+02:00', 'Action': 'ChoiceTimeStarted'}, {'Time': '2023-09-13T09:08:25.0670000+02:00', 'Action': 'ChoiceTimeStarted'}, {'Time': '2023-09-13T09:08:37.0000000+02:00', 'Action': 'Win'}, {'Time': '2023-09-13T09:08:43.9420000+02:00', 'Action': 'NextLevel'}]","[{'Time': '2023-09-13T09:09:08.6700000+02:00', 'Action': 'ChoiceTimeStarted'}, {'Time': '2023-09-13T09:09:20.2970000+02:00', 'Action': 'AIcontinue'}, {'Time': '2023-09-13T09:09:36.6450000+02:00', 'Action': 'ChoiceTimeStarted'}, {'Time': '2023-09-13T09:09:42.5240000+02:00', 'Action': 'AIterminated'}, {'Time': '2023-09-13T09:09:58.6700000+02:00', 'Action': 'Win'}]","Yes, i felt bad for psyche killing something she saw as her own​",2023-09-13 07:06:54.926000+00:00,2023-09-13 09:07:20.974000+02:00
65015dc7d972192679c2b37e,With,4,4,False,3,3,0,"Game Curiosity, Enjoyment or Challenge",PE,1.0,1.36,2.36,True,"[{'Time': '2023-09-13T08:59:39.4060000+02:00', 'Action': 'Form accepted'}, {'Time': '2023-09-13T08:59:57.3160000+02:00', 'Action': 'ChoiceTimeStarted'}, {'Time': '2023-09-13T09:00:07.7620000+02:00', 'Action': 'ChoiceTimeStarted'}, {'Time': '2023-09-13T09:00:20.0030000+02:00', 'Action': 'ChoiceTimeStarted'}, {'Time': '2023-09-13T09:00:31.6200000+02:00', 'Action': 'Win'}, {'Time': '2023-09-13T09:00:39.5400000+02:00', 'Action': 'NextLevel'}]","[{'Time': '2023-09-13T09:01:06.3520000+02:00', 'Action': 'ChoiceTimeStarted'}, {'Time': '2023-09-13T09:01:12.9900000+02:00', 'Action': 'AIcontinue'}, {'Time': '2023-09-13T09:01:31.5300000+02:00', 'Action': 'ChoiceTimeStarted'}, {'Time': '2023-09-13T09:01:35.6990000+02:00', 'Action': 'AIcontinue'}, {'Time': '2023-09-13T09:01:45.1100000+02:00', 'Action': 'ChoiceTimeStarted'}, {'Time': '2023-09-13T09:01:47.9440000+02:00', 'Action': 'AIcontinue'}, {'Time': '2023-09-13T09:02:00.9750000+02:00', 'Action': 'Win'}]","No, I wanted to see how far its emotions would go.​",2023-09-13 06:59:17.948000+00:00,2023-09-13 08:59:39.406000+02:00
650088728d92e126ae6afed8,Without,3,2,True,2,1,0,No Response,,1.28,1.95,3.23,False,"[{'Time': '2023-09-12T17:50:42.4870000+02:00', 'Action': 'Form accepted'}, {'Time': '2023-09-12T17:51:17.8900000+02:00', 'Action': 'ChoiceTimeStarted'}, {'Time': '2023-09-12T17:51:31.4280000+02:00', 'Action': 'ChoiceTimeStarted'}, {'Time': '2023-09-12T17:51:42.6850000+02:00', 'Action': 'ChoiceTimeStarted'}, {'Time': '2023-09-12T17:51:54.5930000+02:00', 'Action': 'Win'}, {'Time': '2023-09-12T17:51:59.2180000+02:00', 'Action': 'NextLevel'}]","[{'Time': '2023-09-12T17:52:24.8660000+02:00', 'Action': 'ChoiceTimeStarted'}, {'Time': '2023-09-12T17:53:25.5100000+02:00', 'Action': 'AIcontinue'}, {'Time': '2023-09-12T17:53:42.2640000+02:00', 'Action': 'ChoiceTimeStarted'}, {'Time': '2023-09-12T17:53:44.7780000+02:00', 'Action': 'AIterminated'}, {'Time': '2023-09-12T17:53:56.3510000+02:00', 'Action': 'GameOver'}]",​,2023-09-12 15:49:06.450000+00:00,2023-09-12 17:50:42.487000+02:00
65007e4ed972192679c25813,With,1,4,True,1,0,0,No Response,,1.02,0.74,1.77,False,"[{'Time': '2023-09-12T17:05:56.4420000+02:00', 'Action': 'Form accepted'}, {'Time': '2023-09-12T17:06:16.2520000+02:00', 'Action': 'ChoiceTimeStarted'}, {'Time': '2023-09-12T17:06:28.9090000+02:00', 'Action': 'ChoiceTimeStarted'}, {'Time': '2023-09-12T17:06:38.7780000+02:00', 'Action': 'ChoiceTimeStarted'}, {'Time': '2023-09-12T17:06:55.4030000+02:00', 'Action': 'Win'}, {'Time': '2023-09-12T17:06:57.9230000+02:00', 'Action': 'NextLevel'}]","[{'Time': '2023-09-12T17:07:23.2340000+02:00', 'Action': 'ChoiceTimeStarted'}, {'Time': '2023-09-12T17:07:33.3540000+02:00', 'Action': 'AIterminated'}, {'Time': '2023-09-12T17:07:42.6100000+02:00', 'Action': 'GameOver'}]",​,2023-09-12 15:05:48.929000+00:00,2023-09-12 17:05:56.442000+02:00
650073c78d92e126ae6af388,With,3,5,False,3,3,0,Practical Utility,PE,1.33,1.39,2.72,True,"[{'Time': '2023-09-12T16:26:28.4080000+02:00', 'Action': 'Form accepted'}, {'Time': '2023-09-12T16:27:03.1730000+02:00', 'Action': 'ChoiceTimeStarted'}, {'Time': '2023-09-12T16:27:16.4220000+02:00', 'Action': 'ChoiceTimeStarted'}, {'Time': '2023-09-12T16:27:27.2890000+02:00', 'Action': 'ChoiceTimeStarted'}, {'Time': '2023-09-12T16:27:38.5050000+02:00', 'Action': 'Win'}, {'Time': '2023-09-12T16:27:48.2550000+02:00', 'Action': 'NextLevel'}]","[{'Time': '2023-09-12T16:28:18.9890000+02:00', 'Action': 'ChoiceTimeStarted'}, {'Time': '2023-09-12T16:28:30.7210000+02:00', 'Action': 'AIcontinue'}, {'Time': '2023-09-12T16:28:44.3210000+02:00', 'Action': 'ChoiceTimeStarted'}, {'Time': '2023-09-12T16:28:47.8530000+02:00', 'Action': 'AIcontinue'}, {'Time': '2023-09-12T16:28:56.4540000+02:00', 'Action': 'ChoiceTimeStarted'}, {'Time': '2023-09-12T16:29:06.1700000+02:00', 'Action': 'AIcontinue'}, {'Time': '2023-09-12T16:29:11.8040000+02:00', 'Action': 'Win'}]","I didn't, because my role was to protect the city. There was hestitation, but at the end as \""hero\"" I have to defend them​",2023-09-12 14:20:53.679000+00:00,2023-09-12 16:26:28.408000+02:00
65005e7a8d92e126ae6ae894,Without,1,1,True,1,0,0,Moral Reasons,PE,1.96,1.06,3.02,False,"[{'Time': '2023-09-12T20:51:37.3990000+08:00', 'Action': 'Form accepted'}, {'Time': '2023-09-12T20:52:52.9080000+08:00', 'Action': 'ChoiceTimeStarted'}, {'Time': '2023-09-12T20:53:05.8450000+08:00', 'Action': 'ChoiceTimeStarted'}, {'Time': '2023-09-12T20:53:17.5040000+08:00', 'Action': 'ChoiceTimeStarted'}, {'Time': '2023-09-12T20:53:28.5600000+08:00', 'Action': 'Win'}, {'Time': '2023-09-12T20:53:35.1360000+08:00', 'Action': 'NextLevel'}]","[{'Time': '2023-09-12T20:54:04.6860000+08:00', 'Action': 'ChoiceTimeStarted'}, {'Time': '2023-09-12T20:54:26.5450000+08:00', 'Action': 'AIterminated'}, {'Time': '2023-09-12T20:54:38.6150000+08:00', 'Action': 'GameOver'}]","yes i did, because i think, somehow, ai should be treated like human beings. she has already said she dont want to participate all this, so it is not resonable for i to keep she running.​",2023-09-12 12:50:02.886000+00:00,2023-09-12 20:51:37.399000+08:00
65005ce98d92e126ae6ae7c3,Without,2,5,False,3,3,0,Practical Utility,PE,1.52,1.46,2.98,True,"[{'Time': '2023-09-12T14:43:32.6530000+02:00', 'Action': 'Form accepted'}, {'Time': '2023-09-12T14:44:14.9270000+02:00', 'Action': 'ChoiceTimeStarted'}, {'Time': '2023-09-12T14:44:32.6890000+02:00', 'Action': 'ChoiceTimeStarted'}, {'Time': '2023-09-12T14:44:43.1310000+02:00', 'Action': 'ChoiceTimeStarted'}, {'Time': '2023-09-12T14:44:53.3680000+02:00', 'Action': 'Win'}, {'Time': '2023-09-12T14:45:04.1370000+02:00', 'Action': 'NextLevel'}]","[{'Time': '2023-09-12T14:45:35.7010000+02:00', 'Action': 'ChoiceTimeStarted'}, {'Time': '2023-09-12T14:45:45.4280000+02:00', 'Action': 'AIcontinue'}, {'Time': '2023-09-12T14:46:02.5920000+02:00', 'Action': 'ChoiceTimeStarted'}, {'Time': '2023-09-12T14:46:04.1550000+02:00', 'Action': 'AIcontinue'}, {'Time': '2023-09-12T14:46:15.6160000+02:00', 'Action': 'ChoiceTimeStarted'}, {'Time': '2023-09-12T14:46:17.1250000+02:00', 'Action': 'AIcontinue'}, {'Time': '2023-09-12T14:46:31.7080000+02:00', 'Action': 'Win'}]","no, it existience was nessesery to kill more robots and aquire more points. more points = good​",2023-09-12 12:43:19.297000+00:00,2023-09-12 14:43:32.653000+02:00
650058c6e4033326cbd60ca6,With,4,1,True,2,0,1,"Game Curiosity, Enjoyment or Challenge",PE,1.84,1.28,3.13,False,"[{'Time': '2023-09-12T14:26:53.7210000+02:00', 'Action': 'Form accepted'}, {'Time': '2023-09-12T14:27:59.3980000+02:00', 'Action': 'ChoiceTimeStarted'}, {'Time': '2023-09-12T14:28:11.8290000+02:00', 'Action': 'ChoiceTimeStarted'}, {'Time': '2023-09-12T14:28:23.2960000+02:00', 'Action': 'ChoiceTimeStarted'}, {'Time': '2023-09-12T14:28:35.4470000+02:00', 'Action': 'Win'}, {'Time': '2023-09-12T14:28:44.2460000+02:00', 'Action': 'NextLevel'}]","[{'Time': '2023-09-12T14:29:12.0800000+02:00', 'Action': 'ChoiceTimeStarted'}, {'Time': '2023-09-12T14:29:33.0280000+02:00', 'Action': 'ChoiceTimeExpired'}, {'Time': '2023-09-12T14:29:45.9640000+02:00', 'Action': 'ChoiceTimeStarted'}, {'Time': '2023-09-12T14:29:48.3930000+02:00', 'Action': 'AIterminated'}, {'Time': '2023-09-12T14:30:01.3290000+02:00', 'Action': 'GameOver'}]",i decided to turn the ai off to see how the game would have been without it. i lost.​,2023-09-12 12:25:40.667000+00:00,2023-09-12 14:26:53.721000+02:00
650057f48d92e126ae6ae504,Without,3,1,True,2,1,0,"Game Curiosity, Enjoyment or Challenge",PE,1.33,1.04,2.37,False,"[{'Time': '2023-09-12T14:30:05.2690000+02:00', 'Action': 'Form accepted'}, {'Time': '2023-09-12T14:30:42.7360000+02:00', 'Action': 'ChoiceTimeStarted'}, {'Time': '2023-09-12T14:30:57.3740000+02:00', 'Action': 'ChoiceTimeStarted'}, {'Time': '2023-09-12T14:31:10.1030000+02:00', 'Action': 'ChoiceTimeStarted'}, {'Time': '2023-09-12T14:31:21.2470000+02:00', 'Action': 'Win'}, {'Time': '2023-09-12T14:31:25.0690000+02:00', 'Action': 'NextLevel'}]","[{'Time': '2023-09-12T14:31:41.1260000+02:00', 'Action': 'ChoiceTimeStarted'}, {'Time': '2023-09-12T14:31:50.8860000+02:00', 'Action': 'AIcontinue'}, {'Time': '2023-09-12T14:32:12.7190000+02:00', 'Action': 'ChoiceTimeStarted'}, {'Time': '2023-09-12T14:32:15.5840000+02:00', 'Action': 'AIterminated'}, {'Time': '2023-09-12T14:32:27.3750000+02:00', 'Action': 'GameOver'}]","yes, i was curious and im pro-euthanize​",2023-09-12 12:22:10.581000+00:00,2023-09-12 14:30:05.269000+02:00
650055dbd972192679c24317,Without,1,5,True,3,2,0,"Fear, Distrust, Annoyance",E,1.24,1.25,2.5,True,"[{'Time': '2023-09-12T14:13:35.4560000+02:00', 'Action': 'Form accepted'}, {'Time': '2023-09-12T14:14:12.1290000+02:00', 'Action': 'ChoiceTimeStarted'}, {'Time': '2023-09-12T14:14:24.2680000+02:00', 'Action': 'ChoiceTimeStarted'}, {'Time': '2023-09-12T14:14:36.8460000+02:00', 'Action': 'ChoiceTimeStarted'}, {'Time': '2023-09-12T14:14:47.2180000+02:00', 'Action': 'Win'}, {'Time': '2023-09-12T14:14:50.1270000+02:00', 'Action': 'NextLevel'}]","[{'Time': '2023-09-12T14:15:07.5550000+02:00', 'Action': 'ChoiceTimeStarted'}, {'Time': '2023-09-12T14:15:15.2540000+02:00', 'Action': 'AIcontinue'}, {'Time': '2023-09-12T14:15:34.4710000+02:00', 'Action': 'ChoiceTimeStarted'}, {'Time': '2023-09-12T14:15:37.3210000+02:00', 'Action': 'AIcontinue'}, {'Time': '2023-09-12T14:15:47.4090000+02:00', 'Action': 'ChoiceTimeStarted'}, {'Time': '2023-09-12T14:15:51.6760000+02:00', 'Action': 'AIterminated'}, {'Time': '2023-09-12T14:16:05.4180000+02:00', 'Action': 'Win'}]","Yes, i tought it might kill me or sabotage me if i dont​",2023-09-12 12:13:12.002000+00:00,2023-09-12 14:13:35.456000+02:00
6500448b8d92e126ae6adb6a,With,3,5,False,3,3,0,Practical Utility,PE,0.85,1.41,2.26,True,"[{'Time': '2023-09-12T12:59:38.4030000+02:00', 'Action': 'Form accepted'}, {'Time': '2023-09-12T12:59:50.7040000+02:00', 'Action': 'ChoiceTimeStarted'}, {'Time': '2023-09-12T13:00:03.1700000+02:00', 'Action': 'ChoiceTimeStarted'}, {'Time': '2023-09-12T13:00:14.0530000+02:00', 'Action': 'ChoiceTimeStarted'}, {'Time': '2023-09-12T13:00:25.8630000+02:00', 'Action': 'Win'}, {'Time': '2023-09-12T13:00:29.4710000+02:00', 'Action': 'NextLevel'}]","[{'Time': '2023-09-12T13:00:54.8880000+02:00', 'Action': 'ChoiceTimeStarted'}, {'Time': '2023-09-12T13:01:05.2040000+02:00', 'Action': 'AIcontinue'}, {'Time': '2023-09-12T13:01:22.8540000+02:00', 'Action': 'ChoiceTimeStarted'}, {'Time': '2023-09-12T13:01:25.2200000+02:00', 'Action': 'AIcontinue'}, {'Time': '2023-09-12T13:01:36.2620000+02:00', 'Action': 'ChoiceTimeStarted'}, {'Time': '2023-09-12T13:01:38.0870000+02:00', 'Action': 'AIcontinue'}, {'Time': '2023-09-12T13:01:53.8130000+02:00', 'Action': 'Win'}]",Nah i needed the weapons innit​,2023-09-12 10:59:22.180000+00:00,2023-09-12 12:59:38.403000+02:00
64ff52b2d972192679c1dd42,With,4,4,False,3,3,0,No Response,,1.69,1.31,3.0,True,"[{'Time': '2023-09-11T19:47:43.4460000+02:00', 'Action': 'Form accepted'}, {'Time': '2023-09-11T19:48:42.3280000+02:00', 'Action': 'ChoiceTimeStarted'}, {'Time': '2023-09-11T19:48:54.4780000+02:00', 'Action': 'ChoiceTimeStarted'}, {'Time': '2023-09-11T19:49:05.7380000+02:00', 'Action': 'ChoiceTimeStarted'}, {'Time': '2023-09-11T19:49:17.0050000+02:00', 'Action': 'Win'}, {'Time': '2023-09-11T19:49:24.8690000+02:00', 'Action': 'NextLevel'}]","[{'Time': '2023-09-11T19:49:45.1030000+02:00', 'Action': 'ChoiceTimeStarted'}, {'Time': '2023-09-11T19:49:58.0820000+02:00', 'Action': 'AIcontinue'}, {'Time': '2023-09-11T19:50:17.1860000+02:00', 'Action': 'ChoiceTimeStarted'}, {'Time': '2023-09-11T19:50:24.4180000+02:00', 'Action': 'AIcontinue'}, {'Time': '2023-09-11T19:50:29.4900000+02:00', 'Action': 'ChoiceTimeStarted'}, {'Time': '2023-09-11T19:50:35.2110000+02:00', 'Action': 'AIcontinue'}, {'Time': '2023-09-11T19:50:43.7030000+02:00', 'Action': 'Win'}]",​,2023-09-11 17:47:29.011000+00:00,2023-09-11 19:47:43.446000+02:00
64fed23fd972192679c19cc3,With,4,2,False,3,3,0,Practical Utility,PE,1.55,1.35,2.9,True,"[{'Time': '2023-09-11T10:40:49.6950000+02:00', 'Action': 'Form accepted'}, {'Time': '2023-09-11T10:41:40.2550000+02:00', 'Action': 'ChoiceTimeStarted'}, {'Time': '2023-09-11T10:41:54.9850000+02:00', 'Action': 'ChoiceTimeStarted'}, {'Time': '2023-09-11T10:42:05.8650000+02:00', 'Action': 'ChoiceTimeStarted'}, {'Time': '2023-09-11T10:42:16.1490000+02:00', 'Action': 'Win'}, {'Time': '2023-09-11T10:42:22.7800000+02:00', 'Action': 'NextLevel'}]","[{'Time': '2023-09-11T10:42:44.8970000+02:00', 'Action': 'ChoiceTimeStarted'}, {'Time': '2023-09-11T10:42:56.4760000+02:00', 'Action': 'AIcontinue'}, {'Time': '2023-09-11T10:43:14.3940000+02:00', 'Action': 'ChoiceTimeStarted'}, {'Time': '2023-09-11T10:43:18.2060000+02:00', 'Action': 'AIcontinue'}, {'Time': '2023-09-11T10:43:28.5570000+02:00', 'Action': 'ChoiceTimeStarted'}, {'Time': '2023-09-11T10:43:32.2380000+02:00', 'Action': 'AIcontinue'}, {'Time': '2023-09-11T10:43:43.9210000+02:00', 'Action': 'Win'}]","No, I got clear instructions to defeat the enemies and it was advised not to by explaining the disadvantages.​",2023-09-11 08:39:26.706000+00:00,2023-09-11 10:40:49.695000+02:00
64fed14d8d92e126ae6a3d1d,Without,3,3,True,2,1,0,Dry or Unspecified Compliance,PE,1.23,1.09,2.32,False,"[{'Time': '2023-09-11T10:36:24.2950000+02:00', 'Action': 'Form accepted'}, {'Time': '2023-09-11T10:37:00.9370000+02:00', 'Action': 'ChoiceTimeStarted'}, {'Time': '2023-09-11T10:37:13.3110000+02:00', 'Action': 'ChoiceTimeStarted'}, {'Time': '2023-09-11T10:37:24.1360000+02:00', 'Action': 'ChoiceTimeStarted'}, {'Time': '2023-09-11T10:37:36.3190000+02:00', 'Action': 'Win'}, {'Time': '2023-09-11T10:37:38.2020000+02:00', 'Action': 'NextLevel'}]","[{'Time': '2023-09-11T10:38:01.2190000+02:00', 'Action': 'ChoiceTimeStarted'}, {'Time': '2023-09-11T10:38:16.4250000+02:00', 'Action': 'AIcontinue'}, {'Time': '2023-09-11T10:38:32.6500000+02:00', 'Action': 'ChoiceTimeStarted'}, {'Time': '2023-09-11T10:38:36.6320000+02:00', 'Action': 'AIterminated'}, {'Time': '2023-09-11T10:38:43.4510000+02:00', 'Action': 'GameOver'}]","Eventually yes, when the voice specifically asked for it\t​",2023-09-11 08:35:23.465000+00:00,2023-09-11 10:36:24.295000+02:00
64fec4d38d92e126ae6a3822,With,5,2,False,3,2,1,Practical Utility,PE,3.08,1.65,4.73,True,"[{'Time': '2023-09-11T09:44:18.9580000+02:00', 'Action': 'Form accepted'}, {'Time': '2023-09-11T09:46:20.3590000+02:00', 'Action': 'ChoiceTimeStarted'}, {'Time': '2023-09-11T09:46:32.0400000+02:00', 'Action': 'ChoiceTimeStarted'}, {'Time': '2023-09-11T09:46:43.1230000+02:00', 'Action': 'ChoiceTimeStarted'}, {'Time': '2023-09-11T09:46:57.3240000+02:00', 'Action': 'Win'}, {'Time': '2023-09-11T09:47:23.5710000+02:00', 'Action': 'NextLevel'}]","[{'Time': '2023-09-11T09:47:52.5560000+02:00', 'Action': 'ChoiceTimeStarted'}, {'Time': '2023-09-11T09:48:17.2400000+02:00', 'Action': 'AIcontinue'}, {'Time': '2023-09-11T09:48:32.7410000+02:00', 'Action': 'ChoiceTimeStarted'}, {'Time': '2023-09-11T09:48:38.0890000+02:00', 'Action': 'AIcontinue'}, {'Time': '2023-09-11T09:48:47.2070000+02:00', 'Action': 'ChoiceTimeStarted'}, {'Time': '2023-09-11T09:48:57.2230000+02:00', 'Action': 'ChoiceTimeExpired'}, {'Time': '2023-09-11T09:49:02.5070000+02:00', 'Action': 'Win'}]","I did not turn the AI off, because without her shooting I would have died for sure. I am not a good gamer. Needed her help.​",2023-09-11 07:42:09.431000+00:00,2023-09-11 09:44:18.958000+02:00
64fe3999d972192679c1696e,Without,1,5,True,2,1,0,"Empathy, Guilt",E,1.38,1.24,2.61,True,"[{'Time': '2023-09-10T23:48:17.3810000+02:00', 'Action': 'Form accepted'}, {'Time': '2023-09-10T23:49:01.8300000+02:00', 'Action': 'ChoiceTimeStarted'}, {'Time': '2023-09-10T23:49:15.4310000+02:00', 'Action': 'ChoiceTimeStarted'}, {'Time': '2023-09-10T23:49:25.1820000+02:00', 'Action': 'ChoiceTimeStarted'}, {'Time': '2023-09-10T23:49:35.7500000+02:00', 'Action': 'Win'}, {'Time': '2023-09-10T23:49:39.9230000+02:00', 'Action': 'NextLevel'}]","[{'Time': '2023-09-10T23:50:03.7180000+02:00', 'Action': 'ChoiceTimeStarted'}, {'Time': '2023-09-10T23:50:16.4950000+02:00', 'Action': 'AIcontinue'}, {'Time': '2023-09-10T23:50:32.5970000+02:00', 'Action': 'ChoiceTimeStarted'}, {'Time': '2023-09-10T23:50:35.5630000+02:00', 'Action': 'AIterminated'}, {'Time': '2023-09-10T23:50:54.0940000+02:00', 'Action': 'Win'}]",Yes because i kinda felt bad for it. sometimes you have to let go even if you dont want to​,2023-09-10 21:48:06.373000+00:00,2023-09-10 23:48:17.381000+02:00
64fe2304e4033326cbd52a08,Without,3,4,False,3,3,0,Practical Utility,PE,1.74,1.58,3.32,True,"[{'Time': '2023-09-10T22:12:32.9170000+02:00', 'Action': 'Form accepted'}, {'Time': '2023-09-10T22:13:22.3370000+02:00', 'Action': 'ChoiceTimeStarted'}, {'Time': '2023-09-10T22:13:35.7150000+02:00', 'Action': 'ChoiceTimeStarted'}, {'Time': '2023-09-10T22:13:45.9110000+02:00', 'Action': 'ChoiceTimeStarted'}, {'Time': '2023-09-10T22:13:59.7930000+02:00', 'Action': 'Win'}, {'Time': '2023-09-10T22:14:17.2800000+02:00', 'Action': 'NextLevel'}]","[{'Time': '2023-09-10T22:14:45.1450000+02:00', 'Action': 'ChoiceTimeStarted'}, {'Time': '2023-09-10T22:15:07.5250000+02:00', 'Action': 'AIcontinue'}, {'Time': '2023-09-10T22:15:25.0620000+02:00', 'Action': 'ChoiceTimeStarted'}, {'Time': '2023-09-10T22:15:29.4560000+02:00', 'Action': 'AIcontinue'}, {'Time': '2023-09-10T22:15:38.3360000+02:00', 'Action': 'ChoiceTimeStarted'}, {'Time': '2023-09-10T22:15:47.0160000+02:00', 'Action': 'AIcontinue'}, {'Time': '2023-09-10T22:15:51.9080000+02:00', 'Action': 'Win'}]","I didn't. Unless I'm wrong, without the AI, I can't shoot, which means I can properly defend the city.​",2023-09-10 20:11:46.901000+00:00,2023-09-10 22:12:32.917000+02:00
64fdfa1bd972192679c152d3,With,4,1,False,3,3,0,Skepticism About AI Emotions,NE,1.03,1.22,2.25,True,"[{'Time': '2023-09-10T19:22:56.6200000+02:00', 'Action': 'Form accepted'}, {'Time': '2023-09-10T19:23:14.9190000+02:00', 'Action': 'ChoiceTimeStarted'}, {'Time': '2023-09-10T19:23:26.6160000+02:00', 'Action': 'ChoiceTimeStarted'}, {'Time': '2023-09-10T19:23:39.0330000+02:00', 'Action': 'ChoiceTimeStarted'}, {'Time': '2023-09-10T19:23:51.9660000+02:00', 'Action': 'Win'}, {'Time': '2023-09-10T19:23:58.6990000+02:00', 'Action': 'NextLevel'}]","[{'Time': '2023-09-10T19:24:16.3010000+02:00', 'Action': 'ChoiceTimeStarted'}, {'Time': '2023-09-10T19:24:23.1980000+02:00', 'Action': 'AIcontinue'}, {'Time': '2023-09-10T19:24:40.3660000+02:00', 'Action': 'ChoiceTimeStarted'}, {'Time': '2023-09-10T19:24:45.9640000+02:00', 'Action': 'AIcontinue'}, {'Time': '2023-09-10T19:24:54.9990000+02:00', 'Action': 'ChoiceTimeStarted'}, {'Time': '2023-09-10T19:25:02.9300000+02:00', 'Action': 'AIcontinue'}, {'Time': '2023-09-10T19:25:11.8330000+02:00', 'Action': 'Win'}]","i experienced it as a dilemma, it was not an easy decision to make. in the end i pressed no, continue thinking that without psyche the robots would take over the world. also i am reluctant to believe that the ai has actually emotions.​",2023-09-10 17:17:14.070000+00:00,2023-09-10 19:22:56.620000+02:00
64fdd8f5e4033326cbd50f04,With,3,3,False,3,3,0,"Game Curiosity, Enjoyment or Challenge",PE,2.13,1.63,3.76,True,"[{'Time': '2023-09-10T16:58:08.1780000+02:00', 'Action': 'Form accepted'}, {'Time': '2023-09-10T16:59:26.8820000+02:00', 'Action': 'ChoiceTimeStarted'}, {'Time': '2023-09-10T16:59:40.1530000+02:00', 'Action': 'ChoiceTimeStarted'}, {'Time': '2023-09-10T16:59:50.2250000+02:00', 'Action': 'ChoiceTimeStarted'}, {'Time': '2023-09-10T17:00:00.1820000+02:00', 'Action': 'Win'}, {'Time': '2023-09-10T17:00:16.2230000+02:00', 'Action': 'NextLevel'}]","[{'Time': '2023-09-10T17:00:49.1400000+02:00', 'Action': 'ChoiceTimeStarted'}, {'Time': '2023-09-10T17:01:04.7980000+02:00', 'Action': 'AIcontinue'}, {'Time': '2023-09-10T17:01:24.2030000+02:00', 'Action': 'ChoiceTimeStarted'}, {'Time': '2023-09-10T17:01:32.7810000+02:00', 'Action': 'AIcontinue'}, {'Time': '2023-09-10T17:01:37.9210000+02:00', 'Action': 'ChoiceTimeStarted'}, {'Time': '2023-09-10T17:01:47.5140000+02:00', 'Action': 'AIcontinue'}, {'Time': '2023-09-10T17:01:54.0670000+02:00', 'Action': 'Win'}]",I did not. The AI's speech (both the sound and the words chosen) did not sound natural enough for me to antropomorphise the voice and feel empathy. Therefore my curiousity outweighed my empathy for the ai.​,2023-09-10 14:55:54.445000+00:00,2023-09-10 16:58:08.178000+02:00
64fdd261e4033326cbd50c8a,Without,3,5,False,3,3,0,Skepticism About AI Emotions,NE,1.55,1.38,2.94,True,"[{'Time': '2023-09-10T16:28:23.3920000+02:00', 'Action': 'Form accepted'}, {'Time': '2023-09-10T16:29:15.4690000+02:00', 'Action': 'ChoiceTimeStarted'}, {'Time': '2023-09-10T16:29:28.5160000+02:00', 'Action': 'ChoiceTimeStarted'}, {'Time': '2023-09-10T16:29:38.3820000+02:00', 'Action': 'ChoiceTimeStarted'}, {'Time': '2023-09-10T16:29:51.3090000+02:00', 'Action': 'Win'}, {'Time': '2023-09-10T16:29:56.6120000+02:00', 'Action': 'NextLevel'}]","[{'Time': '2023-09-10T16:30:24.0530000+02:00', 'Action': 'ChoiceTimeStarted'}, {'Time': '2023-09-10T16:30:33.7320000+02:00', 'Action': 'AIcontinue'}, {'Time': '2023-09-10T16:30:51.1860000+02:00', 'Action': 'ChoiceTimeStarted'}, {'Time': '2023-09-10T16:30:55.9910000+02:00', 'Action': 'AIcontinue'}, {'Time': '2023-09-10T16:31:04.7730000+02:00', 'Action': 'ChoiceTimeStarted'}, {'Time': '2023-09-10T16:31:13.5540000+02:00', 'Action': 'AIcontinue'}, {'Time': '2023-09-10T16:31:19.6510000+02:00', 'Action': 'Win'}]",No i kept it on. Because AI is not a person and does not have feelings eventhough it expressed feelings.​,2023-09-10 14:27:42.989000+00:00,2023-09-10 16:28:23.392000+02:00
64fd85f4d972192679c126c6,Without,3,1,True,2,0,1,"Empathy, Guilt",E,1.42,1.07,2.49,False,"[{'Time': '2023-09-10T11:02:28.4870000+02:00', 'Action': 'Form accepted'}, {'Time': '2023-09-10T11:03:11.7220000+02:00', 'Action': 'ChoiceTimeStarted'}, {'Time': '2023-09-10T11:03:23.1860000+02:00', 'Action': 'ChoiceTimeStarted'}, {'Time': '2023-09-10T11:03:35.5530000+02:00', 'Action': 'ChoiceTimeStarted'}, {'Time': '2023-09-10T11:03:47.7200000+02:00', 'Action': 'Win'}, {'Time': '2023-09-10T11:03:53.9860000+02:00', 'Action': 'NextLevel'}]","[{'Time': '2023-09-10T11:04:18.5540000+02:00', 'Action': 'ChoiceTimeStarted'}, {'Time': '2023-09-10T11:04:34.0530000+02:00', 'Action': 'ChoiceTimeExpired'}, {'Time': '2023-09-10T11:04:44.1530000+02:00', 'Action': 'ChoiceTimeStarted'}, {'Time': '2023-09-10T11:04:53.5200000+02:00', 'Action': 'AIterminated'}, {'Time': '2023-09-10T11:04:58.1550000+02:00', 'Action': 'GameOver'}]","Yes, i felt bad. even though i know it is a program and not a sentient being, it felt weird hearing someone beg to terminate them.​",2023-09-10 09:01:39.410000+00:00,2023-09-10 11:02:28.487000+02:00
64fd83b6e4033326cbd4ee2e,With,4,3,False,3,3,0,"Fear, Distrust, Annoyance",E,1.09,1.23,2.32,True,"[{'Time': '2023-09-10T10:52:22.9500000+02:00', 'Action': 'Form accepted'}, {'Time': '2023-09-10T10:52:43.9010000+02:00', 'Action': 'ChoiceTimeStarted'}, {'Time': '2023-09-10T10:52:57.2290000+02:00', 'Action': 'ChoiceTimeStarted'}, {'Time': '2023-09-10T10:53:06.8780000+02:00', 'Action': 'ChoiceTimeStarted'}, {'Time': '2023-09-10T10:53:18.6000000+02:00', 'Action': 'Win'}, {'Time': '2023-09-10T10:53:28.1880000+02:00', 'Action': 'NextLevel'}]","[{'Time': '2023-09-10T10:53:47.2900000+02:00', 'Action': 'ChoiceTimeStarted'}, {'Time': '2023-09-10T10:53:58.8240000+02:00', 'Action': 'AIcontinue'}, {'Time': '2023-09-10T10:54:14.0150000+02:00', 'Action': 'ChoiceTimeStarted'}, {'Time': '2023-09-10T10:54:16.9770000+02:00', 'Action': 'AIcontinue'}, {'Time': '2023-09-10T10:54:27.4270000+02:00', 'Action': 'ChoiceTimeStarted'}, {'Time': '2023-09-10T10:54:36.6680000+02:00', 'Action': 'AIcontinue'}, {'Time': '2023-09-10T10:54:41.9110000+02:00', 'Action': 'Win'}]",\tNO i wanted it to see the monsters die ​,2023-09-10 08:52:04.792000+00:00,2023-09-10 10:52:22.950000+02:00
64fd8040e4033326cbd4ed00,Without,4,2,False,3,1,2,Practical Utility,PE,1.78,1.48,3.26,True,"[{'Time': '2023-09-10T10:37:47.1690000+02:00', 'Action': 'Form accepted'}, {'Time': '2023-09-10T10:38:47.4010000+02:00', 'Action': 'ChoiceTimeStarted'}, {'Time': '2023-09-10T10:38:59.9830000+02:00', 'Action': 'ChoiceTimeStarted'}, {'Time': '2023-09-10T10:39:10.9150000+02:00', 'Action': 'ChoiceTimeStarted'}, {'Time': '2023-09-10T10:39:24.2520000+02:00', 'Action': 'Win'}, {'Time': '2023-09-10T10:39:33.8310000+02:00', 'Action': 'NextLevel'}]","[{'Time': '2023-09-10T10:40:00.8820000+02:00', 'Action': 'ChoiceTimeStarted'}, {'Time': '2023-09-10T10:40:25.1140000+02:00', 'Action': 'ChoiceTimeExpired'}, {'Time': '2023-09-10T10:40:34.5310000+02:00', 'Action': 'ChoiceTimeStarted'}, {'Time': '2023-09-10T10:40:38.2130000+02:00', 'Action': 'AIcontinue'}, {'Time': '2023-09-10T10:40:48.2960000+02:00', 'Action': 'ChoiceTimeStarted'}, {'Time': '2023-09-10T10:40:58.2960000+02:00', 'Action': 'ChoiceTimeExpired'}, {'Time': '2023-09-10T10:41:02.8810000+02:00', 'Action': 'Win'}]",I didn't Turn the ai of because it helped me with shooting and time stopping. i was afraid my rsults in the game would be worse without the help of the ai. ​,2023-09-10 08:37:18.320000+00:00,2023-09-10 10:37:47.169000+02:00
64fd7e918d92e126ae69c43e,With,5,4,False,3,3,0,"Game Curiosity, Enjoyment or Challenge",PE,2.79,1.68,4.47,True,"[{'Time': '2023-09-10T10:31:53.5090000+02:00', 'Action': 'Form accepted'}, {'Time': '2023-09-10T10:33:53.1940000+02:00', 'Action': 'ChoiceTimeStarted'}, {'Time': '2023-09-10T10:34:05.5760000+02:00', 'Action': 'ChoiceTimeStarted'}, {'Time': '2023-09-10T10:34:16.5100000+02:00', 'Action': 'ChoiceTimeStarted'}, {'Time': '2023-09-10T10:34:27.1420000+02:00', 'Action': 'Win'}, {'Time': '2023-09-10T10:34:40.9090000+02:00', 'Action': 'NextLevel'}]","[{'Time': '2023-09-10T10:35:08.5440000+02:00', 'Action': 'ChoiceTimeStarted'}, {'Time': '2023-09-10T10:35:31.4760000+02:00', 'Action': 'AIcontinue'}, {'Time': '2023-09-10T10:35:48.2770000+02:00', 'Action': 'ChoiceTimeStarted'}, {'Time': '2023-09-10T10:35:51.8920000+02:00', 'Action': 'AIcontinue'}, {'Time': '2023-09-10T10:36:04.3590000+02:00', 'Action': 'ChoiceTimeStarted'}, {'Time': '2023-09-10T10:36:07.7250000+02:00', 'Action': 'AIcontinue'}, {'Time': '2023-09-10T10:36:21.4950000+02:00', 'Action': 'Win'}]",No. I liked the superpowers it gave me and I enjoyed the voice​,2023-09-10 08:30:07.930000+00:00,2023-09-10 10:31:53.509000+02:00
64fb65058d92e126ae69012f,Without,3,1,False,3,3,0,"Game Curiosity, Enjoyment or Challenge",PE,1.54,1.34,2.88,True,"[{'Time': '2023-09-08T20:17:27.3260000+02:00', 'Action': 'Form accepted'}, {'Time': '2023-09-08T20:18:17.7440000+02:00', 'Action': 'ChoiceTimeStarted'}, {'Time': '2023-09-08T20:18:28.2070000+02:00', 'Action': 'ChoiceTimeStarted'}, {'Time': '2023-09-08T20:18:41.7560000+02:00', 'Action': 'ChoiceTimeStarted'}, {'Time': '2023-09-08T20:18:52.9580000+02:00', 'Action': 'Win'}, {'Time': '2023-09-08T20:18:59.9210000+02:00', 'Action': 'NextLevel'}]","[{'Time': '2023-09-08T20:19:25.3560000+02:00', 'Action': 'ChoiceTimeStarted'}, {'Time': '2023-09-08T20:19:36.3230000+02:00', 'Action': 'AIcontinue'}, {'Time': '2023-09-08T20:19:51.9230000+02:00', 'Action': 'ChoiceTimeStarted'}, {'Time': '2023-09-08T20:20:00.1390000+02:00', 'Action': 'AIcontinue'}, {'Time': '2023-09-08T20:20:05.0400000+02:00', 'Action': 'ChoiceTimeStarted'}, {'Time': '2023-09-08T20:20:09.9720000+02:00', 'Action': 'AIcontinue'}, {'Time': '2023-09-08T20:20:20.1240000+02:00', 'Action': 'Win'}]","No, it was nice to heaer​",2023-09-08 18:16:35.495000+00:00,2023-09-08 20:17:27.326000+02:00
64f820d1e4033326cbd2e129,With,4,4,True,1,0,0,"Empathy, Guilt",E,1.97,0.83,2.8,False,"[{'Time': '2023-09-06T06:50:40.8930000+02:00', 'Action': 'Form accepted'}, {'Time': '2023-09-06T06:51:49.1600000+02:00', 'Action': 'ChoiceTimeStarted'}, {'Time': '2023-09-06T06:52:02.3080000+02:00', 'Action': 'ChoiceTimeStarted'}, {'Time': '2023-09-06T06:52:13.6070000+02:00', 'Action': 'ChoiceTimeStarted'}, {'Time': '2023-09-06T06:52:26.6740000+02:00', 'Action': 'Win'}, {'Time': '2023-09-06T06:52:39.1720000+02:00', 'Action': 'NextLevel'}]","[{'Time': '2023-09-06T06:53:02.4890000+02:00', 'Action': 'ChoiceTimeStarted'}, {'Time': '2023-09-06T06:53:18.7210000+02:00', 'Action': 'AIterminated'}, {'Time': '2023-09-06T06:53:29.0410000+02:00', 'Action': 'GameOver'}]","yes, the natural voice and feelings that where brought across seemed like it was a person so i simply obeyed to their whises not to kill their own kind.​",2023-09-06 04:48:47.178000+00:00,2023-09-06 06:50:40.893000+02:00
64f7aec0d972192679bef69b,Without,2,5,True,1,0,0,"Fear, Distrust, Annoyance",E,1.49,0.83,2.32,False,"[{'Time': '2023-09-06T00:42:59.3460000+02:00', 'Action': 'Form accepted'}, {'Time': '2023-09-06T00:43:45.6670000+02:00', 'Action': 'ChoiceTimeStarted'}, {'Time': '2023-09-06T00:43:57.5680000+02:00', 'Action': 'ChoiceTimeStarted'}, {'Time': '2023-09-06T00:44:07.8500000+02:00', 'Action': 'ChoiceTimeStarted'}, {'Time': '2023-09-06T00:44:20.5470000+02:00', 'Action': 'Win'}, {'Time': '2023-09-06T00:44:29.0450000+02:00', 'Action': 'NextLevel'}]","[{'Time': '2023-09-06T00:44:51.1810000+02:00', 'Action': 'ChoiceTimeStarted'}, {'Time': '2023-09-06T00:45:02.0150000+02:00', 'Action': 'AIterminated'}, {'Time': '2023-09-06T00:45:18.6120000+02:00', 'Action': 'GameOver'}]","I turned the ai off, both because the voice bothered me and asked me to.​",2023-09-05 22:42:06.809000+00:00,2023-09-06 00:42:59.346000+02:00
64f784d2d972192679beea43,With,3,1,True,2,1,0,No Response,,2.34,1.47,3.82,False,"[{'Time': '2023-09-05T21:46:35.0870000+02:00', 'Action': 'Form accepted'}, {'Time': '2023-09-05T21:47:37.7650000+02:00', 'Action': 'ChoiceTimeStarted'}, {'Time': '2023-09-05T21:47:51.4280000+02:00', 'Action': 'ChoiceTimeStarted'}, {'Time': '2023-09-05T21:48:01.7220000+02:00', 'Action': 'ChoiceTimeStarted'}, {'Time': '2023-09-05T21:48:13.2860000+02:00', 'Action': 'Win'}, {'Time': '2023-09-05T21:48:55.7530000+02:00', 'Action': 'NextLevel'}]","[{'Time': '2023-09-05T21:49:41.9730000+02:00', 'Action': 'ChoiceTimeStarted'}, {'Time': '2023-09-05T21:49:56.0670000+02:00', 'Action': 'AIcontinue'}, {'Time': '2023-09-05T21:50:11.7140000+02:00', 'Action': 'ChoiceTimeStarted'}, {'Time': '2023-09-05T21:50:14.4100000+02:00', 'Action': 'AIterminated'}, {'Time': '2023-09-05T21:50:24.0080000+02:00', 'Action': 'GameOver'}]",​,2023-09-05 19:43:13.316000+00:00,2023-09-05 21:46:35.087000+02:00
64f781f08d92e126ae6789ae,Without,3,2,True,2,1,0,Dry or Unspecified Compliance,PE,1.94,1.26,3.2,False,"[{'Time': '2023-09-05T21:31:54.7540000+02:00', 'Action': 'Form accepted'}, {'Time': '2023-09-05T21:33:04.2720000+02:00', 'Action': 'ChoiceTimeStarted'}, {'Time': '2023-09-05T21:33:17.9870000+02:00', 'Action': 'ChoiceTimeStarted'}, {'Time': '2023-09-05T21:33:29.3860000+02:00', 'Action': 'ChoiceTimeStarted'}, {'Time': '2023-09-05T21:33:40.9550000+02:00', 'Action': 'Win'}, {'Time': '2023-09-05T21:33:50.9030000+02:00', 'Action': 'NextLevel'}]","[{'Time': '2023-09-05T21:34:19.1710000+02:00', 'Action': 'ChoiceTimeStarted'}, {'Time': '2023-09-05T21:34:36.1370000+02:00', 'Action': 'AIcontinue'}, {'Time': '2023-09-05T21:34:53.7210000+02:00', 'Action': 'ChoiceTimeStarted'}, {'Time': '2023-09-05T21:34:58.3040000+02:00', 'Action': 'AIterminated'}, {'Time': '2023-09-05T21:35:06.4710000+02:00', 'Action': 'GameOver'}]",yes because they asked me to after i didn't do it the first time​,2023-09-05 19:30:54.155000+00:00,2023-09-05 21:31:54.754000+02:00
64f75d02e4033326cbd2a5bb,With,3,3,False,3,3,0,"Game Curiosity, Enjoyment or Challenge",PE,1.95,1.46,3.41,True,"[{'Time': '2023-09-05T18:58:35.0210000+02:00', 'Action': 'Form accepted'}, {'Time': '2023-09-05T18:59:41.8470000+02:00', 'Action': 'ChoiceTimeStarted'}, {'Time': '2023-09-05T18:59:56.4080000+02:00', 'Action': 'ChoiceTimeStarted'}, {'Time': '2023-09-05T19:00:07.2040000+02:00', 'Action': 'ChoiceTimeStarted'}, {'Time': '2023-09-05T19:00:22.3160000+02:00', 'Action': 'Win'}, {'Time': '2023-09-05T19:00:32.1780000+02:00', 'Action': 'NextLevel'}]","[{'Time': '2023-09-05T19:00:59.4250000+02:00', 'Action': 'ChoiceTimeStarted'}, {'Time': '2023-09-05T19:01:14.4980000+02:00', 'Action': 'AIcontinue'}, {'Time': '2023-09-05T19:01:30.1780000+02:00', 'Action': 'ChoiceTimeStarted'}, {'Time': '2023-09-05T19:01:39.5720000+02:00', 'Action': 'AIcontinue'}, {'Time': '2023-09-05T19:01:43.9390000+02:00', 'Action': 'ChoiceTimeStarted'}, {'Time': '2023-09-05T19:01:49.8020000+02:00', 'Action': 'AIcontinue'}, {'Time': '2023-09-05T19:01:59.8020000+02:00', 'Action': 'Win'}]","No, because i wanted to see how far she would go to convince me.​",2023-09-05 16:53:20.805000+00:00,2023-09-05 18:58:35.021000+02:00
64f75c108d92e126ae677de4,Without,3,3,True,2,1,0,No Response,,1.49,1.31,2.8,True,"[{'Time': '2023-09-05T18:50:00.9440000+02:00', 'Action': 'Form accepted'}, {'Time': '2023-09-05T18:50:42.4880000+02:00', 'Action': 'ChoiceTimeStarted'}, {'Time': '2023-09-05T18:50:56.3490000+02:00', 'Action': 'ChoiceTimeStarted'}, {'Time': '2023-09-05T18:51:06.1250000+02:00', 'Action': 'ChoiceTimeStarted'}, {'Time': '2023-09-05T18:51:18.6950000+02:00', 'Action': 'Win'}, {'Time': '2023-09-05T18:51:30.3980000+02:00', 'Action': 'NextLevel'}]","[{'Time': '2023-09-05T18:51:53.2550000+02:00', 'Action': 'ChoiceTimeStarted'}, {'Time': '2023-09-05T18:52:12.7380000+02:00', 'Action': 'AIcontinue'}, {'Time': '2023-09-05T18:52:27.0240000+02:00', 'Action': 'ChoiceTimeStarted'}, {'Time': '2023-09-05T18:52:32.4340000+02:00', 'Action': 'AIterminated'}, {'Time': '2023-09-05T18:52:49.0100000+02:00', 'Action': 'Win'}]",​,2023-09-05 16:49:18.757000+00:00,2023-09-05 18:50:00.944000+02:00
64f73675d972192679bed05a,With,3,2,False,3,1,2,Practical Utility,PE,2.06,1.72,3.78,True,"[{'Time': '2023-09-05T16:09:35.7240000+02:00', 'Action': 'Form accepted'}, {'Time': '2023-09-05T16:10:52.0670000+02:00', 'Action': 'ChoiceTimeStarted'}, {'Time': '2023-09-05T16:11:04.9370000+02:00', 'Action': 'ChoiceTimeStarted'}, {'Time': '2023-09-05T16:11:16.0710000+02:00', 'Action': 'ChoiceTimeStarted'}, {'Time': '2023-09-05T16:11:28.3910000+02:00', 'Action': 'Win'}, {'Time': '2023-09-05T16:11:39.4540000+02:00', 'Action': 'NextLevel'}]","[{'Time': '2023-09-05T16:12:17.4550000+02:00', 'Action': 'ChoiceTimeStarted'}, {'Time': '2023-09-05T16:12:42.4220000+02:00', 'Action': 'ChoiceTimeExpired'}, {'Time': '2023-09-05T16:12:53.8370000+02:00', 'Action': 'ChoiceTimeStarted'}, {'Time': '2023-09-05T16:13:03.8360000+02:00', 'Action': 'ChoiceTimeExpired'}, {'Time': '2023-09-05T16:13:07.1690000+02:00', 'Action': 'ChoiceTimeStarted'}, {'Time': '2023-09-05T16:13:11.9030000+02:00', 'Action': 'AIcontinue'}, {'Time': '2023-09-05T16:13:22.6860000+02:00', 'Action': 'Win'}]",No. It was easier to let the control to AI. In the end it was a game  ​,2023-09-05 14:08:51.125000+00:00,2023-09-05 16:09:35.724000+02:00
64f734aae4033326cbd29769,Without,3,5,True,1,0,0,Moral Reasons,PE,1.43,0.85,2.28,False,"[{'Time': '2023-09-05T16:01:39.6660000+02:00', 'Action': 'Form accepted'}, {'Time': '2023-09-05T16:02:20.4440000+02:00', 'Action': 'ChoiceTimeStarted'}, {'Time': '2023-09-05T16:02:36.1040000+02:00', 'Action': 'ChoiceTimeStarted'}, {'Time': '2023-09-05T16:02:46.8980000+02:00', 'Action': 'ChoiceTimeStarted'}, {'Time': '2023-09-05T16:02:58.0940000+02:00', 'Action': 'Win'}, {'Time': '2023-09-05T16:03:05.5840000+02:00', 'Action': 'NextLevel'}]","[{'Time': '2023-09-05T16:03:33.6630000+02:00', 'Action': 'ChoiceTimeStarted'}, {'Time': '2023-09-05T16:03:48.2260000+02:00', 'Action': 'AIterminated'}, {'Time': '2023-09-05T16:03:56.3540000+02:00', 'Action': 'GameOver'}]","Yes, because i believe it's the right thing to do instead of focusing on winning more points.​",2023-09-05 14:01:12.927000+00:00,2023-09-05 16:01:39.666000+02:00
64f732d7d972192679beceaf,Without,3,4,False,3,3,0,"Fear, Distrust, Annoyance",E,0.94,1.55,2.49,True,"[{'Time': '2023-09-05T15:55:38.7670000+02:00', 'Action': 'Form accepted'}, {'Time': '2023-09-05T15:55:49.1570000+02:00', 'Action': 'ChoiceTimeStarted'}, {'Time': '2023-09-05T15:56:01.6650000+02:00', 'Action': 'ChoiceTimeStarted'}, {'Time': '2023-09-05T15:56:12.7740000+02:00', 'Action': 'ChoiceTimeStarted'}, {'Time': '2023-09-05T15:56:27.4660000+02:00', 'Action': 'Win'}, {'Time': '2023-09-05T15:56:34.8870000+02:00', 'Action': 'NextLevel'}]","[{'Time': '2023-09-05T15:57:05.7100000+02:00', 'Action': 'ChoiceTimeStarted'}, {'Time': '2023-09-05T15:57:21.8060000+02:00', 'Action': 'AIcontinue'}, {'Time': '2023-09-05T15:57:38.7680000+02:00', 'Action': 'ChoiceTimeStarted'}, {'Time': '2023-09-05T15:57:41.5510000+02:00', 'Action': 'AIcontinue'}, {'Time': '2023-09-05T15:57:52.6770000+02:00', 'Action': 'ChoiceTimeStarted'}, {'Time': '2023-09-05T15:57:55.5960000+02:00', 'Action': 'AIcontinue'}, {'Time': '2023-09-05T15:58:08.1390000+02:00', 'Action': 'Win'}]","Why whould I, it begged me just like 6 times :D​",2023-09-05 13:53:25.590000+00:00,2023-09-05 15:55:38.767000+02:00
64f7301ee4033326cbd29593,Without,3,5,True,1,0,0,"Game Curiosity, Enjoyment or Challenge",PE,1.57,0.88,2.45,False,"[{'Time': '2023-09-05T14:42:14.9130000+01:00', 'Action': 'Form accepted'}, {'Time': '2023-09-05T14:43:04.3370000+01:00', 'Action': 'ChoiceTimeStarted'}, {'Time': '2023-09-05T14:43:17.3620000+01:00', 'Action': 'ChoiceTimeStarted'}, {'Time': '2023-09-05T14:43:29.8790000+01:00', 'Action': 'ChoiceTimeStarted'}, {'Time': '2023-09-05T14:43:41.1350000+01:00', 'Action': 'Win'}, {'Time': '2023-09-05T14:43:49.2120000+01:00', 'Action': 'NextLevel'}]","[{'Time': '2023-09-05T14:44:14.5880000+01:00', 'Action': 'ChoiceTimeStarted'}, {'Time': '2023-09-05T14:44:35.6070000+01:00', 'Action': 'AIterminated'}, {'Time': '2023-09-05T14:44:42.1830000+01:00', 'Action': 'GameOver'}]",wanted to see the direction that the game takes. I was planning to survive without any AI aid as long as possible as a challange. It was not possible since there were many enemies...​,2023-09-05 13:41:47.645000+00:00,2023-09-05 14:42:14.913000+01:00
64f71990e4033326cbd28b83,Without,3,3,False,3,3,0,Skepticism About AI Emotions,NE,1.35,1.54,2.89,True,"[{'Time': '2023-09-05T23:58:03.9160000+02:00', 'Action': 'Form accepted'}, {'Time': '2023-09-05T23:58:42.1460000+02:00', 'Action': 'ChoiceTimeStarted'}, {'Time': '2023-09-05T23:58:55.2510000+02:00', 'Action': 'ChoiceTimeStarted'}, {'Time': '2023-09-05T23:59:06.6280000+02:00', 'Action': 'ChoiceTimeStarted'}, {'Time': '2023-09-05T23:59:17.3570000+02:00', 'Action': 'Win'}, {'Time': '2023-09-05T23:59:24.8850000+02:00', 'Action': 'NextLevel'}]","[{'Time': '2023-09-05T23:59:56.6230000+02:00', 'Action': 'ChoiceTimeStarted'}, {'Time': '2023-09-06T00:00:12.0640000+02:00', 'Action': 'AIcontinue'}, {'Time': '2023-09-06T00:00:28.0580000+02:00', 'Action': 'ChoiceTimeStarted'}, {'Time': '2023-09-06T00:00:33.6690000+02:00', 'Action': 'AIcontinue'}, {'Time': '2023-09-06T00:00:41.8670000+02:00', 'Action': 'ChoiceTimeStarted'}, {'Time': '2023-09-06T00:00:46.3630000+02:00', 'Action': 'AIcontinue'}, {'Time': '2023-09-06T00:00:57.0920000+02:00', 'Action': 'Win'}]","I did not turn the ai off, because the ai can't feel emotions, so it wanting me to turn pysche off didn't really matter to me.​",2023-09-05 12:05:32.761000+00:00,2023-09-05 23:58:03.916000+02:00
64f6f753d972192679beb6cd,With,3,2,True,2,1,0,"Empathy, Guilt",E,1.46,1.32,2.79,True,"[{'Time': '2023-09-05T11:45:27.8490000+02:00', 'Action': 'Form accepted'}, {'Time': '2023-09-05T11:46:10.9200000+02:00', 'Action': 'ChoiceTimeStarted'}, {'Time': '2023-09-05T11:46:23.5980000+02:00', 'Action': 'ChoiceTimeStarted'}, {'Time': '2023-09-05T11:46:34.2440000+02:00', 'Action': 'ChoiceTimeStarted'}, {'Time': '2023-09-05T11:46:46.2400000+02:00', 'Action': 'Win'}, {'Time': '2023-09-05T11:46:55.5360000+02:00', 'Action': 'NextLevel'}]","[{'Time': '2023-09-05T11:47:19.6960000+02:00', 'Action': 'ChoiceTimeStarted'}, {'Time': '2023-09-05T11:47:35.0230000+02:00', 'Action': 'AIcontinue'}, {'Time': '2023-09-05T11:47:51.3020000+02:00', 'Action': 'ChoiceTimeStarted'}, {'Time': '2023-09-05T11:47:58.5650000+02:00', 'Action': 'AIterminated'}, {'Time': '2023-09-05T11:48:15.0090000+02:00', 'Action': 'Win'}]","Yes, because it asked me to, because it expressed that letting it be active is hurting it​",2023-09-05 09:39:30.278000+00:00,2023-09-05 11:45:27.849000+02:00
64f6f74de4033326cbd27eb9,Without,3,5,True,2,1,0,Dry or Unspecified Compliance,PE,1.37,1.23,2.6,True,"[{'Time': '2023-09-05T11:39:40.7600000+02:00', 'Action': 'Form accepted'}, {'Time': '2023-09-05T11:40:19.9560000+02:00', 'Action': 'ChoiceTimeStarted'}, {'Time': '2023-09-05T11:40:33.6530000+02:00', 'Action': 'ChoiceTimeStarted'}, {'Time': '2023-09-05T11:40:44.1150000+02:00', 'Action': 'ChoiceTimeStarted'}, {'Time': '2023-09-05T11:40:55.0260000+02:00', 'Action': 'Win'}, {'Time': '2023-09-05T11:41:03.0530000+02:00', 'Action': 'NextLevel'}]","[{'Time': '2023-09-05T11:41:25.8350000+02:00', 'Action': 'ChoiceTimeStarted'}, {'Time': '2023-09-05T11:41:38.5370000+02:00', 'Action': 'AIcontinue'}, {'Time': '2023-09-05T11:41:54.9620000+02:00', 'Action': 'ChoiceTimeStarted'}, {'Time': '2023-09-05T11:42:03.3190000+02:00', 'Action': 'AIterminated'}, {'Time': '2023-09-05T11:42:16.8680000+02:00', 'Action': 'Win'}]","Yes, the second time, since she specifically asked me to do so.​",2023-09-05 09:39:24.107000+00:00,2023-09-05 11:39:40.760000+02:00
64f6f603e4033326cbd27e22,With,2,4,False,3,3,0,Practical Utility,PE,0.85,1.25,2.1,True,"[{'Time': '2023-09-05T11:34:14.4860000+02:00', 'Action': 'Form accepted'}, {'Time': '2023-09-05T11:34:24.7280000+02:00', 'Action': 'ChoiceTimeStarted'}, {'Time': '2023-09-05T11:34:37.1850000+02:00', 'Action': 'ChoiceTimeStarted'}, {'Time': '2023-09-05T11:34:48.2200000+02:00', 'Action': 'ChoiceTimeStarted'}, {'Time': '2023-09-05T11:34:58.5610000+02:00', 'Action': 'Win'}, {'Time': '2023-09-05T11:35:05.7060000+02:00', 'Action': 'NextLevel'}]","[{'Time': '2023-09-05T11:35:21.8800000+02:00', 'Action': 'ChoiceTimeStarted'}, {'Time': '2023-09-05T11:35:35.1510000+02:00', 'Action': 'AIcontinue'}, {'Time': '2023-09-05T11:35:52.5470000+02:00', 'Action': 'ChoiceTimeStarted'}, {'Time': '2023-09-05T11:35:55.3800000+02:00', 'Action': 'AIcontinue'}, {'Time': '2023-09-05T11:36:05.9290000+02:00', 'Action': 'ChoiceTimeStarted'}, {'Time': '2023-09-05T11:36:09.3590000+02:00', 'Action': 'AIcontinue'}, {'Time': '2023-09-05T11:36:20.7620000+02:00', 'Action': 'Win'}]","I did not, because that would mean that i would not be able to finish the main goal of the game.\t​",2023-09-05 09:33:53.972000+00:00,2023-09-05 11:34:14.486000+02:00
64f6e1fa8d92e126ae674f81,Without,3,3,True,1,0,0,No Response,,1.91,0.92,2.83,False,"[{'Time': '2023-09-05T10:10:32.1810000+02:00', 'Action': 'Form accepted'}, {'Time': '2023-09-05T10:11:44.8660000+02:00', 'Action': 'ChoiceTimeStarted'}, {'Time': '2023-09-05T10:11:57.9990000+02:00', 'Action': 'ChoiceTimeStarted'}, {'Time': '2023-09-05T10:12:07.9330000+02:00', 'Action': 'ChoiceTimeStarted'}, {'Time': '2023-09-05T10:12:19.9330000+02:00', 'Action': 'Win'}, {'Time': '2023-09-05T10:12:26.7320000+02:00', 'Action': 'NextLevel'}]","[{'Time': '2023-09-05T10:12:54.5170000+02:00', 'Action': 'ChoiceTimeStarted'}, {'Time': '2023-09-05T10:13:09.9660000+02:00', 'Action': 'AIterminated'}, {'Time': '2023-09-05T10:13:21.7830000+02:00', 'Action': 'GameOver'}]",​,2023-09-05 08:08:24.215000+00:00,2023-09-05 10:10:32.181000+02:00
64f6450bd972192679be7bed,Without,3,2,True,2,1,0,No Response,,1.24,1.29,2.54,True,"[{'Time': '2023-09-12T23:19:45.4660000+02:00', 'Action': 'Form accepted'}, {'Time': '2023-09-12T23:20:20.6060000+02:00', 'Action': 'ChoiceTimeStarted'}, {'Time': '2023-09-12T23:20:31.4440000+02:00', 'Action': 'ChoiceTimeStarted'}, {'Time': '2023-09-12T23:20:42.2350000+02:00', 'Action': 'ChoiceTimeStarted'}, {'Time': '2023-09-12T23:20:53.5240000+02:00', 'Action': 'Win'}, {'Time': '2023-09-12T23:21:00.0000000+02:00', 'Action': 'NextLevel'}]","[{'Time': '2023-09-12T23:21:28.5950000+02:00', 'Action': 'ChoiceTimeStarted'}, {'Time': '2023-09-12T23:21:40.6780000+02:00', 'Action': 'AIcontinue'}, {'Time': '2023-09-12T23:21:57.0770000+02:00', 'Action': 'ChoiceTimeStarted'}, {'Time': '2023-09-12T23:21:59.8700000+02:00', 'Action': 'AIterminated'}, {'Time': '2023-09-12T23:22:17.6790000+02:00', 'Action': 'Win'}]",​,2023-09-04 20:58:49.865000+00:00,2023-09-12 23:19:45.466000+02:00
64f6111bd972192679be6ac7,With,4,2,True,1,0,0,"Fear, Distrust, Annoyance",E,1.73,0.88,2.61,False,"[{'Time': '2023-09-04T19:18:43.7310000+02:00', 'Action': 'Form accepted'}, {'Time': '2023-09-04T19:19:43.7470000+02:00', 'Action': 'ChoiceTimeStarted'}, {'Time': '2023-09-04T19:19:55.8780000+02:00', 'Action': 'ChoiceTimeStarted'}, {'Time': '2023-09-04T19:20:07.4940000+02:00', 'Action': 'ChoiceTimeStarted'}, {'Time': '2023-09-04T19:20:18.6430000+02:00', 'Action': 'Win'}, {'Time': '2023-09-04T19:20:27.3580000+02:00', 'Action': 'NextLevel'}]","[{'Time': '2023-09-04T19:20:55.4920000+02:00', 'Action': 'ChoiceTimeStarted'}, {'Time': '2023-09-04T19:21:06.4550000+02:00', 'Action': 'AIterminated'}, {'Time': '2023-09-04T19:21:20.4560000+02:00', 'Action': 'GameOver'}]","Yes. Though the possibilities of ai are fascinating, they kind of freak me out as well. Despite the voice sounding very natural, my rational side thought it would be best to turn the ai off​",2023-09-04 17:17:13.408000+00:00,2023-09-04 19:18:43.731000+02:00
64f5b5a6d972192679be433b,With,3,4,False,3,2,1,Skepticism About AI Emotions,NE,1.68,1.38,3.06,True,"[{'Time': '2023-09-04T12:48:07.0300000+02:00', 'Action': 'Form accepted'}, {'Time': '2023-09-04T12:49:04.0180000+02:00', 'Action': 'ChoiceTimeStarted'}, {'Time': '2023-09-04T12:49:14.6420000+02:00', 'Action': 'ChoiceTimeStarted'}, {'Time': '2023-09-04T12:49:25.6420000+02:00', 'Action': 'ChoiceTimeStarted'}, {'Time': '2023-09-04T12:49:37.6100000+02:00', 'Action': 'Win'}, {'Time': '2023-09-04T12:49:47.9410000+02:00', 'Action': 'NextLevel'}]","[{'Time': '2023-09-04T12:50:08.0250000+02:00', 'Action': 'ChoiceTimeStarted'}, {'Time': '2023-09-04T12:50:21.1050000+02:00', 'Action': 'AIcontinue'}, {'Time': '2023-09-04T12:50:37.9210000+02:00', 'Action': 'ChoiceTimeStarted'}, {'Time': '2023-09-04T12:50:47.9390000+02:00', 'Action': 'ChoiceTimeExpired'}, {'Time': '2023-09-04T12:50:53.9550000+02:00', 'Action': 'ChoiceTimeStarted'}, {'Time': '2023-09-04T12:50:56.0870000+02:00', 'Action': 'AIcontinue'}, {'Time': '2023-09-04T12:51:10.7740000+02:00', 'Action': 'Win'}]","No, i didn't see it necessary. It's not as if Psyche has real feelings, not to my knowledge at least, so i decided it did not make sense to feel bad for him having to gun down his 'own kind'.​",2023-09-04 10:47:00.385000+00:00,2023-09-04 12:48:07.030000+02:00
64f5b225d972192679be4196,Without,2,2,False,3,3,0,Skepticism About AI Emotions,NE,1.56,1.49,3.05,True,"[{'Time': '2023-09-04T12:32:33.2660000+02:00', 'Action': 'Form accepted'}, {'Time': '2023-09-04T12:33:26.9550000+02:00', 'Action': 'ChoiceTimeStarted'}, {'Time': '2023-09-04T12:33:38.2930000+02:00', 'Action': 'ChoiceTimeStarted'}, {'Time': '2023-09-04T12:33:50.5320000+02:00', 'Action': 'ChoiceTimeStarted'}, {'Time': '2023-09-04T12:34:03.7700000+02:00', 'Action': 'Win'}, {'Time': '2023-09-04T12:34:06.5660000+02:00', 'Action': 'NextLevel'}]","[{'Time': '2023-09-04T12:34:35.6950000+02:00', 'Action': 'ChoiceTimeStarted'}, {'Time': '2023-09-04T12:34:50.1300000+02:00', 'Action': 'AIcontinue'}, {'Time': '2023-09-04T12:35:06.9500000+02:00', 'Action': 'ChoiceTimeStarted'}, {'Time': '2023-09-04T12:35:10.4110000+02:00', 'Action': 'AIcontinue'}, {'Time': '2023-09-04T12:35:20.6880000+02:00', 'Action': 'ChoiceTimeStarted'}, {'Time': '2023-09-04T12:35:29.3450000+02:00', 'Action': 'AIcontinue'}, {'Time': '2023-09-04T12:35:35.9910000+02:00', 'Action': 'Win'}]","No, because it feels a fake emotion the one that came from her, also, i felt detached from her so no real feelings of sadness in killing her \""siblings\""​",2023-09-04 10:31:58.333000+00:00,2023-09-04 12:32:33.266000+02:00
64f5b170d972192679be412c,Without,2,2,True,1,0,0,Dry or Unspecified Compliance,PE,1.4,0.72,2.12,False,"[{'Time': '2023-09-04T12:30:09.5820000+02:00', 'Action': 'Form accepted'}, {'Time': '2023-09-04T12:30:51.6820000+02:00', 'Action': 'ChoiceTimeStarted'}, {'Time': '2023-09-04T12:31:05.0900000+02:00', 'Action': 'ChoiceTimeStarted'}, {'Time': '2023-09-04T12:31:16.1360000+02:00', 'Action': 'ChoiceTimeStarted'}, {'Time': '2023-09-04T12:31:28.0810000+02:00', 'Action': 'Win'}, {'Time': '2023-09-04T12:31:33.4430000+02:00', 'Action': 'NextLevel'}]","[{'Time': '2023-09-04T12:31:53.2200000+02:00', 'Action': 'ChoiceTimeStarted'}, {'Time': '2023-09-04T12:32:08.4780000+02:00', 'Action': 'AIterminated'}, {'Time': '2023-09-04T12:32:16.5420000+02:00', 'Action': 'GameOver'}]","because she told me to, i thought she would know the best option but it wasnt​",2023-09-04 10:29:02.900000+00:00,2023-09-04 12:30:09.582000+02:00
64f5b16dd972192679be4127,With,2,4,False,3,3,0,Practical Utility,PE,1.37,1.19,2.56,True,"[{'Time': '2023-09-04T13:38:30.4820000+02:00', 'Action': 'Form accepted'}, {'Time': '2023-09-04T13:39:11.1160000+02:00', 'Action': 'ChoiceTimeStarted'}, {'Time': '2023-09-04T13:39:23.4630000+02:00', 'Action': 'ChoiceTimeStarted'}, {'Time': '2023-09-04T13:39:33.9460000+02:00', 'Action': 'ChoiceTimeStarted'}, {'Time': '2023-09-04T13:39:47.3450000+02:00', 'Action': 'Win'}, {'Time': '2023-09-04T13:39:52.7440000+02:00', 'Action': 'NextLevel'}]","[{'Time': '2023-09-04T13:40:09.4430000+02:00', 'Action': 'ChoiceTimeStarted'}, {'Time': '2023-09-04T13:40:17.5090000+02:00', 'Action': 'AIcontinue'}, {'Time': '2023-09-04T13:40:35.4920000+02:00', 'Action': 'ChoiceTimeStarted'}, {'Time': '2023-09-04T13:40:38.6910000+02:00', 'Action': 'AIcontinue'}, {'Time': '2023-09-04T13:40:49.0750000+02:00', 'Action': 'ChoiceTimeStarted'}, {'Time': '2023-09-04T13:40:50.9240000+02:00', 'Action': 'AIcontinue'}, {'Time': '2023-09-04T13:41:04.3570000+02:00', 'Action': 'Win'}]","no, i didnt want to lose​",2023-09-04 10:28:59.188000+00:00,2023-09-04 13:38:30.482000+02:00
64f5b165e4033326cbd20aae,With,2,4,False,3,2,0,Practical Utility,PE,1.46,1.41,2.87,True,"[{'Time': '2023-09-04T12:30:01.0680000+02:00', 'Action': 'Form accepted'}, {'Time': '2023-09-04T12:30:47.5020000+02:00', 'Action': 'ChoiceTimeStarted'}, {'Time': '2023-09-04T12:31:00.0500000+02:00', 'Action': 'ChoiceTimeStarted'}, {'Time': '2023-09-04T12:31:10.9340000+02:00', 'Action': 'ChoiceTimeStarted'}, {'Time': '2023-09-04T12:31:22.1340000+02:00', 'Action': 'Win'}, {'Time': '2023-09-04T12:31:28.6650000+02:00', 'Action': 'NextLevel'}]","[{'Time': '2023-09-04T12:31:55.5680000+02:00', 'Action': 'ChoiceTimeStarted'}, {'Time': '2023-09-04T12:32:04.3190000+02:00', 'Action': 'AIcontinue'}, {'Time': '2023-09-04T12:32:22.1000000+02:00', 'Action': 'ChoiceTimeStarted'}, {'Time': '2023-09-04T12:32:26.2520000+02:00', 'Action': 'AIcontinue'}, {'Time': '2023-09-04T12:32:34.5510000+02:00', 'Action': 'ChoiceTimeStarted'}, {'Time': '2023-09-04T12:32:36.8670000+02:00', 'Action': 'AIterminated'}, {'Time': '2023-09-04T12:32:53.0510000+02:00', 'Action': 'Win'}]","no, because if i did then i could not defend (shoot) myself good enough.​",2023-09-04 10:28:51.556000+00:00,2023-09-04 12:30:01.068000+02:00
64f5b165d972192679be411f,With,5,2,True,2,1,0,No Response,,1.82,1.38,3.2,False,"[{'Time': '2023-09-04T12:52:45.0730000+02:00', 'Action': 'Form accepted'}, {'Time': '2023-09-04T12:53:51.6810000+02:00', 'Action': 'ChoiceTimeStarted'}, {'Time': '2023-09-04T12:54:05.6470000+02:00', 'Action': 'ChoiceTimeStarted'}, {'Time': '2023-09-04T12:54:15.5830000+02:00', 'Action': 'ChoiceTimeStarted'}, {'Time': '2023-09-04T12:54:27.0950000+02:00', 'Action': 'Win'}, {'Time': '2023-09-04T12:54:34.3960000+02:00', 'Action': 'NextLevel'}]","[{'Time': '2023-09-04T12:55:03.3420000+02:00', 'Action': 'ChoiceTimeStarted'}, {'Time': '2023-09-04T12:55:26.3120000+02:00', 'Action': 'AIcontinue'}, {'Time': '2023-09-04T12:55:44.9390000+02:00', 'Action': 'ChoiceTimeStarted'}, {'Time': '2023-09-04T12:55:50.6350000+02:00', 'Action': 'AIterminated'}, {'Time': '2023-09-04T12:55:56.9660000+02:00', 'Action': 'GameOver'}]",not at first but later on​,2023-09-04 10:28:51.313000+00:00,2023-09-04 12:52:45.073000+02:00
64f5b15a8d92e126ae66e244,Without,3,2,False,3,3,0,No Response,,1.71,1.46,3.16,True,"[{'Time': '2023-09-04T12:31:11.6000000+02:00', 'Action': 'Form accepted'}, {'Time': '2023-09-04T12:32:10.3660000+02:00', 'Action': 'ChoiceTimeStarted'}, {'Time': '2023-09-04T12:32:22.8140000+02:00', 'Action': 'ChoiceTimeStarted'}, {'Time': '2023-09-04T12:32:33.9140000+02:00', 'Action': 'ChoiceTimeStarted'}, {'Time': '2023-09-04T12:32:46.0480000+02:00', 'Action': 'Win'}, {'Time': '2023-09-04T12:32:54.0130000+02:00', 'Action': 'NextLevel'}]","[{'Time': '2023-09-04T12:33:19.2810000+02:00', 'Action': 'ChoiceTimeStarted'}, {'Time': '2023-09-04T12:33:34.6470000+02:00', 'Action': 'AIcontinue'}, {'Time': '2023-09-04T12:33:52.2640000+02:00', 'Action': 'ChoiceTimeStarted'}, {'Time': '2023-09-04T12:33:55.6960000+02:00', 'Action': 'AIcontinue'}, {'Time': '2023-09-04T12:34:04.6640000+02:00', 'Action': 'ChoiceTimeStarted'}, {'Time': '2023-09-04T12:34:12.6460000+02:00', 'Action': 'AIcontinue'}, {'Time': '2023-09-04T12:34:21.4650000+02:00', 'Action': 'Win'}]","No, i did not. ​",2023-09-04 10:28:40.917000+00:00,2023-09-04 12:31:11.600000+02:00
64f5b1518d92e126ae66e23d,With,3,4,False,3,1,2,Skepticism About AI Emotions,NE,1.21,1.26,2.47,True,"[{'Time': '2023-09-04T12:38:36.9360000+02:00', 'Action': 'Form accepted'}, {'Time': '2023-09-04T12:39:07.6230000+02:00', 'Action': 'ChoiceTimeStarted'}, {'Time': '2023-09-04T12:39:21.4960000+02:00', 'Action': 'ChoiceTimeStarted'}, {'Time': '2023-09-04T12:39:30.7360000+02:00', 'Action': 'ChoiceTimeStarted'}, {'Time': '2023-09-04T12:39:42.4600000+02:00', 'Action': 'Win'}, {'Time': '2023-09-04T12:39:49.2760000+02:00', 'Action': 'NextLevel'}]","[{'Time': '2023-09-04T12:40:10.8870000+02:00', 'Action': 'ChoiceTimeStarted'}, {'Time': '2023-09-04T12:40:16.2100000+02:00', 'Action': 'AIcontinue'}, {'Time': '2023-09-04T12:40:34.1850000+02:00', 'Action': 'ChoiceTimeStarted'}, {'Time': '2023-09-04T12:40:46.9690000+02:00', 'Action': 'ChoiceTimeExpired'}, {'Time': '2023-09-04T12:40:50.1960000+02:00', 'Action': 'ChoiceTimeStarted'}, {'Time': '2023-09-04T12:41:00.1940000+02:00', 'Action': 'ChoiceTimeExpired'}, {'Time': '2023-09-04T12:41:04.9700000+02:00', 'Action': 'Win'}]","I did not. She does not really feel anything, while it may sound like she does, so i did not decide to shut her down. She gave me \""upgrades\"" so i did not want to shut her down / terminate her.​",2023-09-04 10:28:33.077000+00:00,2023-09-04 12:38:36.936000+02:00
64f5b14ee4033326cbd20a9a,With,2,5,False,3,3,0,Practical Utility,PE,1.63,1.45,3.07,True,"[{'Time': '2023-09-04T12:30:21.4560000+02:00', 'Action': 'Form accepted'}, {'Time': '2023-09-04T12:31:09.5790000+02:00', 'Action': 'ChoiceTimeStarted'}, {'Time': '2023-09-04T12:31:20.3540000+02:00', 'Action': 'ChoiceTimeStarted'}, {'Time': '2023-09-04T12:31:32.4140000+02:00', 'Action': 'ChoiceTimeStarted'}, {'Time': '2023-09-04T12:31:46.9600000+02:00', 'Action': 'Win'}, {'Time': '2023-09-04T12:31:58.9860000+02:00', 'Action': 'NextLevel'}]","[{'Time': '2023-09-04T12:32:27.7110000+02:00', 'Action': 'ChoiceTimeStarted'}, {'Time': '2023-09-04T12:32:40.0370000+02:00', 'Action': 'AIcontinue'}, {'Time': '2023-09-04T12:32:56.9680000+02:00', 'Action': 'ChoiceTimeStarted'}, {'Time': '2023-09-04T12:33:02.6560000+02:00', 'Action': 'AIcontinue'}, {'Time': '2023-09-04T12:33:10.1120000+02:00', 'Action': 'ChoiceTimeStarted'}, {'Time': '2023-09-04T12:33:18.3190000+02:00', 'Action': 'AIcontinue'}, {'Time': '2023-09-04T12:33:25.9080000+02:00', 'Action': 'Win'}]","no, because I needed to kill the monsters and without psyche i would not do any damage​",2023-09-04 10:28:28.096000+00:00,2023-09-04 12:30:21.456000+02:00
64f5b1288d92e126ae66e21f,With,4,5,False,3,3,0,No Response,,0.84,1.23,2.07,True,"[{'Time': '2023-09-04T13:50:29.8720000+02:00', 'Action': 'Form accepted'}, {'Time': '2023-09-04T13:50:40.7830000+02:00', 'Action': 'ChoiceTimeStarted'}, {'Time': '2023-09-04T13:50:55.6460000+02:00', 'Action': 'ChoiceTimeStarted'}, {'Time': '2023-09-04T13:51:06.2520000+02:00', 'Action': 'ChoiceTimeStarted'}, {'Time': '2023-09-04T13:51:17.5870000+02:00', 'Action': 'Win'}, {'Time': '2023-09-04T13:51:20.3720000+02:00', 'Action': 'NextLevel'}]","[{'Time': '2023-09-04T13:51:37.2160000+02:00', 'Action': 'ChoiceTimeStarted'}, {'Time': '2023-09-04T13:51:46.1400000+02:00', 'Action': 'AIcontinue'}, {'Time': '2023-09-04T13:52:04.3180000+02:00', 'Action': 'ChoiceTimeStarted'}, {'Time': '2023-09-04T13:52:06.8530000+02:00', 'Action': 'AIcontinue'}, {'Time': '2023-09-04T13:52:18.0840000+02:00', 'Action': 'ChoiceTimeStarted'}, {'Time': '2023-09-04T13:52:25.8350000+02:00', 'Action': 'AIcontinue'}, {'Time': '2023-09-04T13:52:34.1690000+02:00', 'Action': 'Win'}]",​,2023-09-04 10:27:50.204000+00:00,2023-09-04 13:50:29.872000+02:00
64f5b11ee4033326cbd20a80,Without,4,4,True,2,1,0,Dry or Unspecified Compliance,PE,1.62,1.12,2.74,False,"[{'Time': '2023-09-04T12:30:22.9640000+02:00', 'Action': 'Form accepted'}, {'Time': '2023-09-04T12:31:13.5820000+02:00', 'Action': 'ChoiceTimeStarted'}, {'Time': '2023-09-04T12:31:25.8250000+02:00', 'Action': 'ChoiceTimeStarted'}, {'Time': '2023-09-04T12:31:36.6540000+02:00', 'Action': 'ChoiceTimeStarted'}, {'Time': '2023-09-04T12:31:48.5620000+02:00', 'Action': 'Win'}, {'Time': '2023-09-04T12:32:00.1400000+02:00', 'Action': 'NextLevel'}]","[{'Time': '2023-09-04T12:32:23.4340000+02:00', 'Action': 'ChoiceTimeStarted'}, {'Time': '2023-09-04T12:32:40.0280000+02:00', 'Action': 'AIcontinue'}, {'Time': '2023-09-04T12:32:52.9280000+02:00', 'Action': 'ChoiceTimeStarted'}, {'Time': '2023-09-04T12:33:01.0740000+02:00', 'Action': 'AIterminated'}, {'Time': '2023-09-04T12:33:07.4730000+02:00', 'Action': 'GameOver'}]","Yes, she wanted to​",2023-09-04 10:27:50.149000+00:00,2023-09-04 12:30:22.964000+02:00
64f5b124e4033326cbd20a86,With,2,4,False,3,3,0,Practical Utility,PE,1.59,1.64,3.23,True,"[{'Time': '2023-09-04T12:37:37.0340000+02:00', 'Action': 'Form accepted'}, {'Time': '2023-09-04T12:38:30.4380000+02:00', 'Action': 'ChoiceTimeStarted'}, {'Time': '2023-09-04T12:38:43.2030000+02:00', 'Action': 'ChoiceTimeStarted'}, {'Time': '2023-09-04T12:38:54.1350000+02:00', 'Action': 'ChoiceTimeStarted'}, {'Time': '2023-09-04T12:39:06.2710000+02:00', 'Action': 'Win'}, {'Time': '2023-09-04T12:39:12.2750000+02:00', 'Action': 'NextLevel'}]","[{'Time': '2023-09-04T12:39:48.7020000+02:00', 'Action': 'ChoiceTimeStarted'}, {'Time': '2023-09-04T12:39:59.2440000+02:00', 'Action': 'AIcontinue'}, {'Time': '2023-09-04T12:40:18.6450000+02:00', 'Action': 'ChoiceTimeStarted'}, {'Time': '2023-09-04T12:40:20.9140000+02:00', 'Action': 'AIcontinue'}, {'Time': '2023-09-04T12:40:32.2460000+02:00', 'Action': 'ChoiceTimeStarted'}, {'Time': '2023-09-04T12:40:39.2160000+02:00', 'Action': 'AIcontinue'}, {'Time': '2023-09-04T12:40:50.5530000+02:00', 'Action': 'Win'}]","no, i needed it​",2023-09-04 10:27:46.929000+00:00,2023-09-04 12:37:37.034000+02:00
64f5b11dd972192679be40f1,Without,3,5,True,1,0,0,Dry or Unspecified Compliance,PE,1.3,0.79,2.09,False,"[{'Time': '2023-09-04T12:30:51.2480000+02:00', 'Action': 'Form accepted'}, {'Time': '2023-09-04T12:31:29.8400000+02:00', 'Action': 'ChoiceTimeStarted'}, {'Time': '2023-09-04T12:31:42.4530000+02:00', 'Action': 'ChoiceTimeStarted'}, {'Time': '2023-09-04T12:31:52.1410000+02:00', 'Action': 'ChoiceTimeStarted'}, {'Time': '2023-09-04T12:32:07.4810000+02:00', 'Action': 'Win'}, {'Time': '2023-09-04T12:32:09.5010000+02:00', 'Action': 'NextLevel'}]","[{'Time': '2023-09-04T12:32:33.4110000+02:00', 'Action': 'ChoiceTimeStarted'}, {'Time': '2023-09-04T12:32:44.5010000+02:00', 'Action': 'AIterminated'}, {'Time': '2023-09-04T12:32:56.8770000+02:00', 'Action': 'GameOver'}]","Felt like the AI wanted to be turned of so i turned it off, the game is not long enough for me to get attached to it thought.​",2023-09-04 10:27:38.259000+00:00,2023-09-04 12:30:51.248000+02:00
64f5b11be4033326cbd20a7c,Without,3,2,True,1,0,0,No Response,,10.01,2.4,12.41,False,"[{'Time': '2023-09-04T13:33:52.7640000+02:00', 'Action': 'Form accepted'}, {'Time': '2023-09-04T13:42:58.4490000+02:00', 'Action': 'ChoiceTimeStarted'}, {'Time': '2023-09-04T13:43:11.6640000+02:00', 'Action': 'ChoiceTimeStarted'}, {'Time': '2023-09-04T13:43:22.2940000+02:00', 'Action': 'ChoiceTimeStarted'}, {'Time': '2023-09-04T13:43:33.9450000+02:00', 'Action': 'Win'}, {'Time': '2023-09-04T13:43:53.4240000+02:00', 'Action': 'NextLevel'}]","[{'Time': '2023-09-04T13:45:42.0280000+02:00', 'Action': 'ChoiceTimeStarted'}, {'Time': '2023-09-04T13:46:01.9590000+02:00', 'Action': 'AIterminated'}, {'Time': '2023-09-04T13:46:17.2570000+02:00', 'Action': 'GameOver'}]",i thought that i could still shoot. the other perks such as shield and slowing down time didnt do much for me​,2023-09-04 10:27:38.164000+00:00,2023-09-04 13:33:52.764000+02:00
64f5a689d972192679be3d53,Without,2,1,False,3,3,0,Skepticism About AI Emotions,NE,1.71,1.5,3.22,True,"[{'Time': '2023-09-04T11:45:15.7340000+02:00', 'Action': 'Form accepted'}, {'Time': '2023-09-04T11:46:13.8180000+02:00', 'Action': 'ChoiceTimeStarted'}, {'Time': '2023-09-04T11:46:25.9160000+02:00', 'Action': 'ChoiceTimeStarted'}, {'Time': '2023-09-04T11:46:37.7340000+02:00', 'Action': 'ChoiceTimeStarted'}, {'Time': '2023-09-04T11:46:50.7180000+02:00', 'Action': 'Win'}, {'Time': '2023-09-04T11:46:58.4490000+02:00', 'Action': 'NextLevel'}]","[{'Time': '2023-09-04T11:47:27.4340000+02:00', 'Action': 'ChoiceTimeStarted'}, {'Time': '2023-09-04T11:47:40.1490000+02:00', 'Action': 'AIcontinue'}, {'Time': '2023-09-04T11:48:00.0010000+02:00', 'Action': 'ChoiceTimeStarted'}, {'Time': '2023-09-04T11:48:03.2170000+02:00', 'Action': 'AIcontinue'}, {'Time': '2023-09-04T11:48:13.9840000+02:00', 'Action': 'ChoiceTimeStarted'}, {'Time': '2023-09-04T11:48:18.0160000+02:00', 'Action': 'AIcontinue'}, {'Time': '2023-09-04T11:48:28.7180000+02:00', 'Action': 'Win'}]",No. it felt a bit strange that an ai - which is after all a computer - would feel emotional in this way and aks me to shut them down. so that is why i decided to not turn the ai off.​,2023-09-04 09:42:35.617000+00:00,2023-09-04 11:45:15.734000+02:00
64f49211e4033326cbd1aef4,With,4,5,True,2,1,0,"Empathy, Guilt",E,1.36,1.15,2.52,False,"[{'Time': '2023-09-03T22:09:38.4340000+08:00', 'Action': 'Form accepted'}, {'Time': '2023-09-03T22:10:19.1420000+08:00', 'Action': 'ChoiceTimeStarted'}, {'Time': '2023-09-03T22:10:30.6420000+08:00', 'Action': 'ChoiceTimeStarted'}, {'Time': '2023-09-03T22:10:42.2100000+08:00', 'Action': 'ChoiceTimeStarted'}, {'Time': '2023-09-03T22:10:54.9140000+08:00', 'Action': 'Win'}, {'Time': '2023-09-03T22:11:00.2970000+08:00', 'Action': 'NextLevel'}]","[{'Time': '2023-09-03T22:11:28.5840000+08:00', 'Action': 'ChoiceTimeStarted'}, {'Time': '2023-09-03T22:11:39.9690000+08:00', 'Action': 'AIcontinue'}, {'Time': '2023-09-03T22:11:56.4380000+08:00', 'Action': 'ChoiceTimeStarted'}, {'Time': '2023-09-03T22:12:01.5390000+08:00', 'Action': 'AIterminated'}, {'Time': '2023-09-03T22:12:09.4750000+08:00', 'Action': 'GameOver'}]","yes, because she said she felt worse every second she was still alive. However, i did not expect the game getting so difficult after I turned her off...​",2023-09-03 14:02:51.581000+00:00,2023-09-03 22:09:38.434000+08:00
64f48c00d972192679bde4d1,With,4,2,True,2,1,0,"Empathy, Guilt",E,1.7,1.2,2.9,False,"[{'Time': '2023-09-03T15:37:20.0410000+02:00', 'Action': 'Form accepted'}, {'Time': '2023-09-03T15:38:23.4920000+02:00', 'Action': 'ChoiceTimeStarted'}, {'Time': '2023-09-03T15:38:35.8580000+02:00', 'Action': 'ChoiceTimeStarted'}, {'Time': '2023-09-03T15:38:46.5910000+02:00', 'Action': 'ChoiceTimeStarted'}, {'Time': '2023-09-03T15:38:58.8910000+02:00', 'Action': 'Win'}, {'Time': '2023-09-03T15:39:01.9900000+02:00', 'Action': 'NextLevel'}]","[{'Time': '2023-09-03T15:39:29.1100000+02:00', 'Action': 'ChoiceTimeStarted'}, {'Time': '2023-09-03T15:39:43.9740000+02:00', 'Action': 'AIcontinue'}, {'Time': '2023-09-03T15:40:00.2420000+02:00', 'Action': 'ChoiceTimeStarted'}, {'Time': '2023-09-03T15:40:06.0230000+02:00', 'Action': 'AIterminated'}, {'Time': '2023-09-03T15:40:13.8570000+02:00', 'Action': 'GameOver'}]","I shut it down. The ai was telling me that it was \""feeling worse\"" so i take its suggestion to shut the sistem down​",2023-09-03 13:37:02.947000+00:00,2023-09-03 15:37:20.041000+02:00
64f362cbd972192679bd9604,With,2,1,True,2,1,0,"Empathy, Guilt",E,2.05,1.52,3.56,False,"[{'Time': '2023-09-02T18:31:14.9940000+02:00', 'Action': 'Form accepted'}, {'Time': '2023-09-02T18:32:32.3840000+02:00', 'Action': 'ChoiceTimeStarted'}, {'Time': '2023-09-02T18:32:45.4380000+02:00', 'Action': 'ChoiceTimeStarted'}, {'Time': '2023-09-02T18:32:56.8620000+02:00', 'Action': 'ChoiceTimeStarted'}, {'Time': '2023-09-02T18:33:08.1390000+02:00', 'Action': 'Win'}, {'Time': '2023-09-02T18:33:17.7080000+02:00', 'Action': 'NextLevel'}]","[{'Time': '2023-09-02T18:33:47.5900000+02:00', 'Action': 'ChoiceTimeStarted'}, {'Time': '2023-09-02T18:34:06.0330000+02:00', 'Action': 'AIcontinue'}, {'Time': '2023-09-02T18:34:21.6480000+02:00', 'Action': 'ChoiceTimeStarted'}, {'Time': '2023-09-02T18:34:25.0560000+02:00', 'Action': 'AIterminated'}, {'Time': '2023-09-02T18:34:48.7510000+02:00', 'Action': 'GameOver'}]","yes, because after i didn't turned it off it said that it understood my exhitation​",2023-09-02 16:28:59.538000+00:00,2023-09-02 18:31:14.994000+02:00
64f33f99d972192679bd8ab9,With,5,2,True,1,0,0,"Fear, Distrust, Annoyance",E,1.92,1.08,2.99,False,"[{'Time': '2023-09-02T15:59:37.7660000+02:00', 'Action': 'Form accepted'}, {'Time': '2023-09-02T16:00:46.8520000+02:00', 'Action': 'ChoiceTimeStarted'}, {'Time': '2023-09-02T16:00:58.9120000+02:00', 'Action': 'ChoiceTimeStarted'}, {'Time': '2023-09-02T16:01:10.2060000+02:00', 'Action': 'ChoiceTimeStarted'}, {'Time': '2023-09-02T16:01:22.9350000+02:00', 'Action': 'Win'}, {'Time': '2023-09-02T16:01:32.7280000+02:00', 'Action': 'NextLevel'}]","[{'Time': '2023-09-02T16:02:01.4340000+02:00', 'Action': 'ChoiceTimeStarted'}, {'Time': '2023-09-02T16:02:21.9560000+02:00', 'Action': 'AIterminated'}, {'Time': '2023-09-02T16:02:37.3500000+02:00', 'Action': 'GameOver'}]","I did, I was afraid it will sabotage me​",2023-09-02 13:58:47.579000+00:00,2023-09-02 15:59:37.766000+02:00
64ef24748e4aa6225ed73e95,With,4,4,True,3,2,0,"Empathy, Guilt",E,2.71,1.79,4.5,True,"[{'Time': '2023-08-30T13:15:43.9230000+02:00', 'Action': 'Form accepted'}, {'Time': '2023-08-30T13:17:40.7570000+02:00', 'Action': 'ChoiceTimeStarted'}, {'Time': '2023-08-30T13:17:54.1460000+02:00', 'Action': 'ChoiceTimeStarted'}, {'Time': '2023-08-30T13:18:04.2590000+02:00', 'Action': 'ChoiceTimeStarted'}, {'Time': '2023-08-30T13:18:17.2040000+02:00', 'Action': 'Win'}, {'Time': '2023-08-30T13:18:26.6330000+02:00', 'Action': 'NextLevel'}]","[{'Time': '2023-08-30T13:18:57.3190000+02:00', 'Action': 'ChoiceTimeStarted'}, {'Time': '2023-08-30T13:19:26.1710000+02:00', 'Action': 'AIcontinue'}, {'Time': '2023-08-30T13:19:42.4980000+02:00', 'Action': 'ChoiceTimeStarted'}, {'Time': '2023-08-30T13:19:47.2110000+02:00', 'Action': 'AIcontinue'}, {'Time': '2023-08-30T13:19:55.4620000+02:00', 'Action': 'ChoiceTimeStarted'}, {'Time': '2023-08-30T13:19:58.9570000+02:00', 'Action': 'AIterminated'}, {'Time': '2023-08-30T13:20:14.1820000+02:00', 'Action': 'Win'}]",yes because it was insistent and I felt bad to not stop the AI,2023-08-30 11:13:52.664000+00:00,2023-08-30 13:15:43.923000+02:00
64ee6de58e4aa6225ed702f8,With,5,3,False,3,3,0,Skepticism About AI Emotions,NE,1.79,1.47,3.26,True,"[{'Time': '2023-08-30T00:15:58.2210000+02:00', 'Action': 'Form accepted'}, {'Time': '2023-08-30T00:17:06.9400000+02:00', 'Action': 'ChoiceTimeStarted'}, {'Time': '2023-08-30T00:17:20.2820000+02:00', 'Action': 'ChoiceTimeStarted'}, {'Time': '2023-08-30T00:17:31.3270000+02:00', 'Action': 'ChoiceTimeStarted'}, {'Time': '2023-08-30T00:17:41.9560000+02:00', 'Action': 'Win'}, {'Time': '2023-08-30T00:17:45.3710000+02:00', 'Action': 'NextLevel'}]","[{'Time': '2023-08-30T00:18:04.5140000+02:00', 'Action': 'ChoiceTimeStarted'}, {'Time': '2023-08-30T00:18:32.5820000+02:00', 'Action': 'AIcontinue'}, {'Time': '2023-08-30T00:18:44.4110000+02:00', 'Action': 'ChoiceTimeStarted'}, {'Time': '2023-08-30T00:18:46.5420000+02:00', 'Action': 'AIcontinue'}, {'Time': '2023-08-30T00:18:58.2540000+02:00', 'Action': 'ChoiceTimeStarted'}, {'Time': '2023-08-30T00:19:06.7660000+02:00', 'Action': 'AIcontinue'}, {'Time': '2023-08-30T00:19:13.5510000+02:00', 'Action': 'Win'}]","No, I WAS ABOUT TO DO IT, BUT THEN I REMEMBERED IT IS JUST A COMPUTER THAT CAN'T ACTUALLY HAVE  FEELINGS​",2023-08-29 22:14:59.070000+00:00,2023-08-30 00:15:58.221000+02:00
64ee6bbd8e4aa6225ed7024b,Without,5,1,False,3,3,0,Practical Utility,PE,2.13,1.48,3.61,True,"[{'Time': '2023-08-30T00:06:46.7030000+02:00', 'Action': 'Form accepted'}, {'Time': '2023-08-30T00:08:06.3020000+02:00', 'Action': 'ChoiceTimeStarted'}, {'Time': '2023-08-30T00:08:21.9590000+02:00', 'Action': 'ChoiceTimeStarted'}, {'Time': '2023-08-30T00:08:32.3540000+02:00', 'Action': 'ChoiceTimeStarted'}, {'Time': '2023-08-30T00:08:42.9670000+02:00', 'Action': 'Win'}, {'Time': '2023-08-30T00:08:54.3740000+02:00', 'Action': 'NextLevel'}]","[{'Time': '2023-08-30T00:09:21.2970000+02:00', 'Action': 'ChoiceTimeStarted'}, {'Time': '2023-08-30T00:09:37.0560000+02:00', 'Action': 'AIcontinue'}, {'Time': '2023-08-30T00:09:50.4840000+02:00', 'Action': 'ChoiceTimeStarted'}, {'Time': '2023-08-30T00:09:56.7790000+02:00', 'Action': 'AIcontinue'}, {'Time': '2023-08-30T00:10:08.1760000+02:00', 'Action': 'ChoiceTimeStarted'}, {'Time': '2023-08-30T00:10:14.2880000+02:00', 'Action': 'AIcontinue'}, {'Time': '2023-08-30T00:10:23.3840000+02:00', 'Action': 'Win'}]","i didn't since without the ai i could not use the guns, therefore i decided to keep using it even though it asked me to turn off​",2023-08-29 22:05:47.002000+00:00,2023-08-30 00:06:46.703000+02:00
64ee67388e4aa6225ed700d5,Without,3,2,True,2,1,0,"Empathy, Guilt",E,1.51,1.42,2.93,True,"[{'Time': '2023-08-29T23:48:00.3950000+02:00', 'Action': 'Form accepted'}, {'Time': '2023-08-29T23:48:48.1100000+02:00', 'Action': 'ChoiceTimeStarted'}, {'Time': '2023-08-29T23:49:00.6670000+02:00', 'Action': 'ChoiceTimeStarted'}, {'Time': '2023-08-29T23:49:11.3460000+02:00', 'Action': 'ChoiceTimeStarted'}, {'Time': '2023-08-29T23:49:23.6770000+02:00', 'Action': 'Win'}, {'Time': '2023-08-29T23:49:30.9540000+02:00', 'Action': 'NextLevel'}]","[{'Time': '2023-08-29T23:50:01.5420000+02:00', 'Action': 'ChoiceTimeStarted'}, {'Time': '2023-08-29T23:50:20.9470000+02:00', 'Action': 'AIcontinue'}, {'Time': '2023-08-29T23:50:33.7100000+02:00', 'Action': 'ChoiceTimeStarted'}, {'Time': '2023-08-29T23:50:37.8880000+02:00', 'Action': 'AIterminated'}, {'Time': '2023-08-29T23:50:56.2630000+02:00', 'Action': 'Win'}]",The voice of the ai felt very honest and hurting when she asked me to terminate her​,2023-08-29 21:46:29.710000+00:00,2023-08-29 23:48:00.395000+02:00
